# {"t_start": 1601341091.2510078, "env_id": "ZaxxonNoFrameskip-v4"} 
r,l,t
0.0,879,49.802482
0.0,881,103.557093
0.0,879,157.849935
0.0,884,210.707789
0.0,883,257.391385
0.0,883,311.095281
0.0,879,364.473978
0.0,885,417.872262
0.0,883,472.275426
0.0,880,519.719058
0.0,885,572.911334
0.0,883,625.62741
0.0,885,679.215932
0.0,880,725.398731
0.0,880,777.693141
0.0,879,831.456603
0.0,883,884.351648
0.0,880,938.602164
0.0,879,986.435299
0.0,884,1040.6927
0.0,883,1094.360679
0.0,880,1147.680161
0.0,885,1194.501726
0.0,883,1247.893847
0.0,882,1301.139843
0.0,878,1353.652144
0.0,880,1405.81521
0.0,884,1453.484307
2900.0,1275,1530.186139
0.0,931,1584.190137
0.0,883,1637.309313
0.0,882,1691.044169
0.0,884,1744.685873
0.0,878,1791.82204
0.0,880,1843.574141
0.0,883,1896.489091
0.0,881,1949.852904
0.0,884,2003.321878
0.0,881,2050.313073
0.0,882,2103.37918
0.0,880,2156.223643
0.0,880,2210.096899
0.0,881,2257.518119
0.0,884,2311.514007
0.0,885,2365.39614
0.0,879,2419.040836
0.0,882,2472.347152
0.0,881,2520.341171
0.0,881,2573.402328
0.0,881,2626.281847
0.0,879,2678.1363
0.0,885,2725.390517
0.0,880,2779.20577
0.0,881,2832.032878
0.0,881,2884.754114
0.0,878,2936.902386
0.0,883,2984.004446
0.0,878,3037.155531
0.0,884,3090.177154
0.0,883,3143.199086
0.0,883,3190.429462
0.0,880,3243.970288
0.0,882,3297.095447
0.0,883,3350.567484
0.0,885,3404.828924
0.0,881,3451.737725
0.0,881,3505.262148
0.0,882,3558.920869
0.0,884,3612.530184
0.0,879,3660.323393
0.0,884,3713.326459
0.0,882,3766.423416
0.0,878,3819.139631
0.0,883,3873.029621
0.0,881,3920.178769
0.0,878,3972.82856
0.0,880,4026.070391
0.0,878,4079.746464
0.0,881,4127.004732
0.0,882,4180.717568
0.0,885,4235.265615
0.0,879,4289.206959
0.0,880,4337.656989
0.0,878,4391.07844
0.0,884,4445.194513
0.0,880,4498.286043
0.0,881,4552.46191
0.0,884,4599.181258
0.0,883,4652.599472
0.0,884,4705.797009
0.0,879,4760.261357
0.0,882,4815.600438
0.0,880,4863.464746
0.0,881,4918.03846
0.0,880,4972.297644
0.0,880,5026.289667
0.0,881,5073.97849
0.0,878,5128.667011
0.0,883,5182.683594
0.0,883,5237.172387
0.0,885,5285.016325
0.0,881,5340.26761
0.0,878,5393.896384
0.0,882,5448.433434
0.0,882,5502.65438
0.0,882,5550.768544
0.0,880,5603.779322
0.0,883,5656.905785
0.0,878,5711.11322
0.0,884,5759.30327
0.0,885,5814.24276
0.0,879,5867.008797
0.0,879,5920.930056
0.0,879,5975.506117
0.0,883,6023.787553
0.0,885,6077.728301
0.0,880,6131.910023
500.0,1076,6194.826067
0.0,884,6249.134218
0.0,883,6303.459499
0.0,879,6357.269158
0.0,878,6405.007798
0.0,881,6458.058391
1000.0,1183,6527.432796
0.0,880,6581.088269
0.0,884,6634.252842
2400.0,1468,6719.869639
0.0,883,6773.314806
0.0,878,6827.168433
0.0,882,6874.358759
0.0,884,6928.095824
1200.0,1353,7011.781988
0.0,878,7059.305907
0.0,882,7112.196214
0.0,882,7165.417241
0.0,879,7217.70453
0.0,885,7271.257229
0.0,884,7318.231902
0.0,899,7372.21487
0.0,885,7424.99177
500.0,968,7485.784403
0.0,882,7533.366341
600.0,1437,7619.029012
200.0,882,7672.552213
1100.0,1585,7766.180123
1200.0,1728,7873.022836
0.0,882,7926.902818
400.0,1045,7987.753804
0.0,935,8041.877874
1600.0,1676,8141.763564
0.0,882,8194.702016
0.0,882,8241.948095
0.0,884,8295.542562
0.0,878,8348.553734
0.0,881,8402.039083
0.0,880,8455.896974
0.0,882,8503.515198
0.0,882,8557.150124
0.0,883,8609.434289
400.0,883,8663.506508
0.0,878,8711.228016
0.0,880,8764.87712
0.0,881,8818.557074
0.0,885,8872.099051
0.0,879,8925.650733
0.0,881,8973.166583
0.0,879,9026.528597
0.0,883,9079.652759
0.0,883,9134.418302
0.0,884,9182.028748
0.0,881,9235.118633
400.0,879,9288.093364
300.0,879,9340.435231
0.0,878,9388.269881
0.0,879,9441.429735
0.0,880,9494.469318
0.0,883,9548.202385
0.0,879,9601.329749
0.0,881,9648.328233
0.0,880,9702.073693
0.0,884,9756.043343
0.0,881,9809.659971
0.0,884,9857.572789
0.0,881,9911.074882
0.0,883,9964.80989
0.0,882,10018.064556
0.0,880,10072.374635
0.0,885,10118.419163
0.0,881,10172.230557
0.0,882,10225.840026
0.0,885,10279.656526
0.0,880,10327.493851
0.0,884,10381.117136
0.0,885,10434.656631
0.0,881,10488.670913
0.0,879,10541.562639
0.0,883,10588.772188
0.0,883,10642.050884
0.0,878,10695.372251
0.0,883,10748.510063
0.0,880,10801.447598
0.0,885,10849.406063
0.0,880,10902.603941
0.0,884,10955.568266
0.0,880,11009.229351
0.0,883,11055.940466
0.0,883,11109.781113
0.0,882,11163.740143
0.0,884,11218.438146
0.0,883,11273.505408
0.0,879,11320.80974
0.0,880,11374.542749
0.0,885,11428.891785
0.0,883,11482.762031
0.0,884,11529.487645
0.0,880,11582.214885
0.0,882,11635.731038
0.0,885,11689.149568
0.0,885,11742.343582
0.0,884,11788.459217
0.0,882,11841.820249
0.0,881,11894.979398
0.0,881,11947.98263
0.0,880,12001.751441
0.0,878,12047.619384
0.0,882,12100.866562
0.0,880,12154.424081
0.0,882,12208.153651
0.0,879,12254.694095
0.0,885,12307.965916
0.0,885,12361.462608
0.0,881,12414.206268
0.0,881,12466.240397
0.0,879,12512.798471
0.0,879,12565.932304
0.0,884,12618.648256
0.0,884,12671.114342
0.0,883,12717.943748
0.0,879,12771.471213
0.0,883,12825.22199
0.0,878,12878.432977
0.0,884,12931.774283
0.0,882,12978.965248
0.0,882,13032.173654
0.0,878,13087.227883
0.0,880,13141.260422
0.0,881,13189.030196
0.0,879,13242.021702
0.0,880,13295.31942
0.0,884,13348.729198
0.0,881,13395.552132
0.0,882,13448.816422
0.0,884,13502.103198
0.0,878,13555.612376
0.0,883,13609.083328
0.0,882,13655.815849
0.0,881,13709.291509
0.0,882,13761.737034
0.0,881,13814.526455
0.0,883,13862.1158
0.0,883,13916.081199
0.0,882,13970.171619
0.0,884,14024.173122
0.0,880,14078.01069
0.0,885,14125.501389
0.0,879,14178.305781
0.0,881,14232.080593
0.0,882,14285.060249
0.0,878,14331.860501
0.0,880,14385.909094
0.0,882,14440.191731
0.0,882,14493.060812
0.0,883,14545.784839
0.0,881,14593.033558
0.0,880,14646.372247
0.0,881,14699.560236
0.0,880,14752.0924
0.0,884,14799.681001
0.0,883,14853.490564
0.0,885,14906.828143
0.0,883,14960.402889
0.0,883,15013.518667
0.0,885,15060.785532
0.0,880,15113.195079
0.0,881,15165.948182
0.0,879,15218.591235
0.0,879,15271.698896
0.0,881,15318.571184
0.0,882,15371.356167
0.0,884,15423.929432
0.0,880,15476.612101
0.0,878,15523.660377
0.0,879,15576.721137
0.0,884,15630.190077
0.0,878,15683.573938
0.0,884,15730.599407
0.0,880,15784.781147
0.0,885,15837.921986
0.0,878,15891.698014
0.0,885,15945.666206
0.0,881,15992.526673
0.0,882,16045.701704
0.0,883,16099.547822
0.0,881,16152.860619
0.0,884,16206.08256
0.0,879,16253.480422
0.0,884,16306.875645
0.0,880,16361.020904
0.0,882,16414.481473
0.0,885,16461.646754
0.0,879,16515.349225
0.0,885,16568.376403
0.0,878,16621.832625
0.0,881,16675.807203
0.0,883,16724.252882
0.0,884,16777.766877
0.0,883,16831.50462
0.0,880,16884.982271
0.0,883,16932.3785
0.0,883,16985.894642
0.0,880,17039.744245
0.0,879,17093.169167
0.0,884,17146.519922
0.0,884,17193.81829
0.0,881,17246.835583
0.0,882,17300.192621
0.0,879,17353.863666
0.0,883,17400.67037
0.0,884,17454.925963
0.0,879,17508.429868
0.0,882,17561.460813
0.0,883,17614.560527
0.0,878,17662.031984
0.0,885,17714.958817
0.0,880,17768.703008
0.0,879,17822.982709
0.0,880,17870.809911
0.0,880,17923.720133
0.0,884,17976.359377
0.0,878,18029.933733
0.0,882,18082.5758
0.0,880,18129.875056
0.0,885,18183.102697
0.0,880,18236.139129
0.0,881,18289.455517
0.0,885,18336.457065
0.0,878,18390.315103
0.0,880,18444.498201
0.0,880,18498.570109
0.0,880,18546.008712
0.0,879,18599.422632
0.0,878,18653.004396
0.0,885,18706.448514
0.0,881,18758.891101
0.0,882,18806.678261
0.0,878,18859.605316
0.0,880,18913.733281
0.0,881,18967.520475
0.0,883,19015.591237
0.0,884,19068.630482
0.0,883,19121.919377
0.0,880,19175.269067
0.0,881,19228.924475
0.0,883,19275.90383
0.0,883,19328.61232
0.0,883,19382.562234
0.0,881,19436.234584
0.0,885,19483.2885
0.0,885,19536.976429
0.0,884,19590.308852
0.0,882,19643.539251
0.0,885,19697.141737
0.0,880,19744.065269
0.0,884,19797.454968
0.0,883,19850.244323
0.0,882,19903.773609
0.0,878,19957.289665
0.0,881,20005.005037
0.0,881,20058.511807
0.0,882,20112.015509
0.0,885,20165.204106
0.0,885,20211.482589
0.0,883,20264.837146
0.0,882,20318.380077
0.0,881,20371.582889
0.0,882,20425.640223
0.0,881,20472.370214
1600.0,1309,20555.112134
0.0,886,20601.375418
0.0,878,20654.852128
0.0,883,20707.788472
0.0,884,20761.698606
3100.0,1619,20855.39613
0.0,883,20909.286093
0.0,898,20963.521446
0.0,885,21016.818992
1200.0,1276,21092.373196
0.0,881,21139.528612
0.0,883,21191.793624
0.0,882,21245.323508
0.0,883,21299.63754
0.0,882,21347.462892
0.0,1014,21409.303359
200.0,989,21469.854574
300.0,950,21524.558841
0.0,879,21577.475919
0.0,885,21631.311798
1500.0,1583,21722.804644
0.0,883,21776.741572
0.0,879,21829.256765
900.0,1224,21899.501267
2700.0,1650,21998.65561
0.0,882,22052.52439
0.0,881,22100.172953
0.0,881,22153.628726
1200.0,1063,22216.367146
600.0,1049,22277.922511
0.0,914,22331.953127
0.0,1078,22400.090583
0.0,879,22454.098048
0.0,884,22501.822999
0.0,884,22556.241132
0.0,937,22610.761541
200.0,881,22664.38563
500.0,1087,22726.772827
200.0,887,22780.154526
200.0,911,22834.231656
2500.0,1212,22910.457824
0.0,882,22957.056767
2000.0,1388,23042.59443
3000.0,1557,23135.643231
0.0,879,23189.929869
0.0,880,23243.848477
0.0,880,23298.692022
3100.0,1571,23392.277247
2100.0,1106,23453.652972
0.0,879,23506.643071
0.0,882,23558.991212
0.0,879,23612.416342
0.0,882,23659.290887
0.0,946,23719.24593
0.0,879,23766.477836
0.0,882,23820.248458
1900.0,1557,23912.711519
2700.0,1394,23995.854084
0.0,883,24049.829885
0.0,881,24103.524831
0.0,880,24151.611139
0.0,883,24204.430545
0.0,882,24257.373305
0.0,885,24311.128354
0.0,883,24358.477636
0.0,884,24410.864902
0.0,881,24463.894149
0.0,881,24516.857249
0.0,883,24570.059868
0.0,882,24616.733312
0.0,883,24671.097045
0.0,884,24724.68309
0.0,879,24776.432927
0.0,881,24823.249085
0.0,884,24876.460732
0.0,884,24930.360972
0.0,884,24983.833297
0.0,878,25037.515215
0.0,883,25084.398369
0.0,881,25137.481363
0.0,881,25190.506903
0.0,878,25242.966016
0.0,881,25290.898608
0.0,881,25344.083738
0.0,879,25396.535709
0.0,884,25449.629039
0.0,882,25502.552947
0.0,880,25549.912645
0.0,883,25603.55429
0.0,883,25657.525838
0.0,882,25711.076693
0.0,883,25764.470043
0.0,884,25812.005944
0.0,880,25864.088262
0.0,881,25917.419968
0.0,879,25970.367662
0.0,884,26017.340131
0.0,953,26077.692751
0.0,878,26126.443223
0.0,884,26180.378677
0.0,884,26234.483638
0.0,878,26287.710552
0.0,882,26340.322347
0.0,879,26387.212199
0.0,884,26439.814573
400.0,1379,26524.130117
200.0,1359,26602.256535
1200.0,1803,26709.931986
200.0,878,26762.95663
400.0,980,26823.539939
1000.0,1648,26915.807278
2000.0,1808,27022.853789
600.0,1501,27114.36193
0.0,1014,27176.043851
0.0,956,27229.953101
1800.0,1802,27337.153066
0.0,959,27397.244825
0.0,884,27444.222673
200.0,1290,27520.502149
0.0,1082,27588.214811
0.0,885,27635.035488
1900.0,1810,27742.259984
0.0,878,27795.509341
200.0,900,27848.979232
1300.0,1330,27925.266355
1400.0,1488,28016.921288
1600.0,1572,28110.327206
400.0,882,28164.139032
0.0,881,28217.058005
2300.0,1699,28317.208654
0.0,880,28370.886833
0.0,880,28417.330991
0.0,884,28470.688041
900.0,1335,28547.434575
0.0,1360,28630.444368
1200.0,1479,28714.278993
3300.0,1452,28803.954478
0.0,882,28850.059853
2500.0,1615,28947.022868
1300.0,1356,29024.144407
0.0,883,29076.390314
0.0,884,29129.042016
3700.0,2012,29249.134334
0.0,884,29294.900717
2000.0,1686,29400.242419
2500.0,1870,29506.275536
2200.0,1503,29596.280339
2500.0,1525,29680.866856
800.0,1358,29763.953914
1400.0,1453,29847.903597
4200.0,1665,29945.506734
200.0,979,30005.386966
0.0,885,30053.130223
2200.0,1527,30144.917384
0.0,880,30198.147026
0.0,881,30251.953338
0.0,878,30305.72944
0.0,968,30360.15144
0.0,1060,30421.811819
0.0,883,30476.887169
200.0,994,30538.292609
600.0,1079,30600.503614
1500.0,1147,30668.407487
700.0,1296,30745.525189
0.0,880,30798.218443
2400.0,1546,30890.240112
3600.0,1869,30997.051352
3500.0,1438,31080.552821
200.0,887,31134.42001
0.0,936,31188.45716
0.0,881,31241.681248
0.0,878,31295.558668
300.0,1140,31358.869133
400.0,1359,31442.711866
0.0,957,31497.311156
0.0,878,31550.578784
0.0,959,31610.683522
0.0,883,31658.12264
0.0,902,31710.890807
0.0,880,31764.165394
3200.0,1368,31847.392155
400.0,1019,31901.126226
0.0,883,31952.899488
200.0,885,32005.528034
0.0,911,32058.788962
0.0,884,32112.772831
0.0,899,32165.510848
0.0,883,32218.724807
0.0,882,32266.181013
1000.0,1022,32326.814605
200.0,879,32381.097931
0.0,882,32435.081321
2800.0,1807,32542.271903
0.0,882,32594.9924
3200.0,1325,32671.816335
3000.0,1645,32766.629568
0.0,879,32819.304533
0.0,883,32872.289366
0.0,884,32925.178705
0.0,878,32978.417018
1500.0,1032,33040.403101
0.0,885,33087.957845
0.0,878,33141.381922
0.0,886,33195.090567
0.0,884,33248.967289
2500.0,1397,33333.31189
0.0,879,33380.362552
0.0,884,33434.274656
0.0,883,33487.742092
1300.0,1364,33564.319542
400.0,948,33624.604793
0.0,953,33678.337071
0.0,880,33731.865766
400.0,1024,33793.426238
0.0,880,33840.450651
1300.0,1484,33932.682617
0.0,885,33986.315112
0.0,883,34039.335983
200.0,927,34092.842119
0.0,1525,34178.136028
1400.0,2066,34307.704633
200.0,956,34361.415566
0.0,884,34414.234654
0.0,884,34461.313387
200.0,1005,34522.598131
0.0,885,34575.860308
0.0,1229,34644.749248
0.0,879,34698.125903
800.0,1836,34806.532642
200.0,1609,34904.452029
200.0,896,34957.249451
600.0,1331,35035.150764
200.0,1804,35143.159519
900.0,1628,35242.056725
2400.0,1588,35335.898756
200.0,1509,35427.711199
200.0,932,35481.558423
2000.0,1689,35582.358723
0.0,1434,35667.438844
0.0,879,35721.034229
400.0,1214,35790.490138
1600.0,1488,35881.331639
0.0,997,35936.57666
0.0,881,35989.8063
400.0,1516,36080.913801
0.0,959,36136.07938
200.0,941,36196.260513
0.0,880,36243.808178
2000.0,2051,36367.595239
400.0,1508,36458.678726
1100.0,1620,36551.758871
400.0,1216,36628.296448
400.0,1588,36721.963384
0.0,880,36775.660792
500.0,1361,36854.636796
200.0,1358,36938.631209
400.0,913,36992.069593
0.0,906,37045.139683
400.0,1376,37128.901534
600.0,1365,37206.314422
2700.0,1758,37313.149495
200.0,882,37359.730128
3200.0,1914,37474.471186
600.0,1448,37565.263416
1000.0,1618,37658.239255
200.0,1146,37728.274122
400.0,1710,37827.705926
0.0,885,37881.930865
0.0,885,37934.276063
0.0,885,37987.408334
0.0,881,38035.336567
0.0,879,38089.056905
1400.0,1704,38188.626573
200.0,1090,38256.909976
0.0,1001,38312.061234
600.0,1656,38410.260057
600.0,1620,38509.219965
200.0,929,38562.104857
0.0,913,38615.542589
600.0,1391,38700.266515
400.0,1205,38768.772624
1600.0,1712,38868.420423
0.0,880,38922.809288
2600.0,1526,39015.131639
200.0,968,39069.310352
0.0,880,39123.238962
200.0,1006,39184.865814
400.0,1579,39276.974101
200.0,962,39331.652028
600.0,1208,39408.495326
1600.0,1640,39508.478799
200.0,1078,39570.399242
1000.0,1438,39654.601161
1200.0,1986,39769.694248
0.0,968,39829.60605
3100.0,2443,39975.772207
1000.0,1508,40061.367698
1100.0,1695,40166.492292
1000.0,1741,40265.696364
1000.0,1262,40341.396989
900.0,1364,40419.935639
0.0,1166,40489.421103
400.0,1045,40550.85653
0.0,881,40604.501249
1200.0,1612,40704.224966
0.0,881,40751.520133
0.0,882,40803.557789
0.0,883,40856.856445
1100.0,1530,40948.847806
1400.0,1376,41032.916992
0.0,941,41086.3562
0.0,882,41139.098148
200.0,937,41192.609142
1500.0,1517,41277.412637
0.0,925,41336.486282
200.0,1245,41405.710515
0.0,883,41458.868679
0.0,885,41512.114571
1500.0,1245,41582.515349
1400.0,1359,41664.911516
4000.0,1818,41772.081953
1700.0,1439,41855.80625
400.0,1034,41916.592111
4400.0,1838,42024.588925
2200.0,1802,42132.439031
700.0,1354,42216.054444
2800.0,1506,42301.787867
2700.0,1377,42384.444977
0.0,881,42437.164541
0.0,935,42491.001241
0.0,882,42543.918108
0.0,883,42596.917017
3100.0,1479,42682.619966
0.0,934,42736.65782
1900.0,1566,42829.456365
0.0,884,42882.99505
700.0,938,42937.760852
5600.0,1792,43045.023717
0.0,884,43098.33139
1000.0,1282,43174.989046
1600.0,1793,43282.383158
200.0,899,43335.750707
2600.0,1567,43427.778169
1100.0,1301,43505.041333
0.0,884,43558.447797
200.0,903,43612.006071
3000.0,1290,43687.729657
1700.0,1396,43772.706997
400.0,1076,43835.02901
0.0,884,43888.205379
0.0,885,43935.428503
3700.0,1228,44012.378213
600.0,1047,44074.3016
0.0,886,44127.780915
1500.0,1409,44212.783029
0.0,885,44265.997445
0.0,885,44312.996821
0.0,881,44367.630434
1500.0,1261,44442.807597
0.0,881,44497.115942
0.0,882,44544.617013
0.0,883,44598.111354
0.0,880,44651.735551
0.0,885,44703.96768
0.0,882,44756.980175
0.0,879,44803.829284
0.0,880,44857.530222
0.0,881,44911.243807
0.0,883,44965.407012
0.0,880,45012.5821
0.0,883,45065.731266
0.0,881,45119.717841
0.0,882,45172.733477
0.0,882,45225.904521
0.0,878,45273.697502
0.0,881,45327.329824
0.0,884,45380.503589
0.0,882,45433.401949
0.0,883,45480.510039
0.0,879,45533.919457
2700.0,1484,45625.230838
0.0,883,45671.875713
0.0,884,45725.099969
2400.0,1253,45799.975191
0.0,885,45851.987571
5900.0,1851,45960.036849
1300.0,1549,46050.737034
0.0,883,46103.49401
0.0,881,46156.94584
200.0,1013,46211.329186
2700.0,1893,46324.004051
2200.0,1401,46408.08072
0.0,925,46464.830171
0.0,883,46517.994221
0.0,885,46570.763097
0.0,883,46617.669651
0.0,880,46671.211571
0.0,878,46724.282141
0.0,879,46777.711303
0.0,878,46823.979785
0.0,963,46885.045218
0.0,884,46939.215116
0.0,879,46986.308511
0.0,880,47038.982957
500.0,1007,47100.054226
0.0,879,47153.492501
1500.0,1354,47230.650872
200.0,883,47283.680462
3400.0,1875,47398.310106
0.0,880,47445.675431
800.0,1299,47522.291728
3900.0,1566,47614.671072
1700.0,1380,47697.875838
200.0,903,47751.794801
1700.0,1068,47812.824516
3100.0,1523,47904.125522
1800.0,1626,48002.179205
3400.0,1873,48110.406757
2700.0,1362,48193.898116
500.0,1302,48270.98426
2400.0,1196,48340.366121
200.0,979,48399.957666
500.0,1322,48477.491542
2300.0,1313,48553.95824
1400.0,1112,48622.80597
3400.0,1480,48707.552485
200.0,1049,48768.299033
1500.0,1365,48850.769788
0.0,1109,48912.563087
2600.0,1807,49020.609701
1400.0,1806,49128.49729
0.0,897,49181.949593
3000.0,1887,49296.351976
2900.0,1561,49388.841614
1000.0,997,49443.620925
0.0,881,49497.137279
300.0,1348,49580.246258
0.0,878,49626.822445
0.0,879,49679.966978
1900.0,1333,49755.255542
0.0,958,49815.697072
400.0,1118,49877.947173
200.0,958,49937.774669
2400.0,1610,50029.14764
0.0,1035,50090.278867
0.0,884,50143.572563
1800.0,1160,50212.155966
1900.0,1379,50295.48135
2800.0,1556,50387.022961
300.0,1271,50462.935633
2600.0,1440,50547.697326
4400.0,1824,50653.575844
0.0,902,50707.115534
0.0,884,50759.870687
0.0,878,50807.478628
200.0,929,50861.931724
0.0,882,50915.692373
1100.0,1127,50984.370838
0.0,981,51045.106257
3700.0,1469,51130.324444
3600.0,1583,51224.089571
0.0,882,51277.735672
4100.0,1396,51361.571355
0.0,885,51415.82034
200.0,960,51471.389094
800.0,974,51526.046231
400.0,988,51586.223217
0.0,928,51639.564688
200.0,971,51700.304872
2300.0,1315,51778.282042
0.0,999,51832.953399
1400.0,1270,51909.362103
5800.0,1589,52007.356497
4500.0,1970,52121.879368
1300.0,1323,52199.770321
2100.0,1663,52298.327896
3200.0,1588,52391.182195
5700.0,1523,52482.913916
1200.0,1353,52566.944406
0.0,944,52620.887837
1500.0,1239,52691.049207
4400.0,1682,52791.343897
700.0,1031,52852.618446
2200.0,1042,52914.640628
0.0,883,52967.735685
400.0,948,53022.278216
1700.0,1172,53097.26267
0.0,882,53144.705666
0.0,884,53196.457116
5900.0,1681,53296.567733
3200.0,1262,53373.278229
700.0,1095,53434.313695
800.0,1103,53502.160249
3300.0,1673,53601.053975
2200.0,1630,53695.763972
3100.0,1373,53779.165651
1700.0,1210,53849.775749
2100.0,1561,53942.05527
4200.0,2011,54064.71254
4600.0,1662,54164.834641
2500.0,1552,54257.164339
4300.0,1772,54363.993129
2500.0,1358,54441.249961
0.0,882,54494.604361
500.0,941,54548.67804
4400.0,1613,54649.167459
500.0,976,54703.556727
0.0,883,54757.54219
0.0,977,54819.045171
0.0,878,54866.207626
3600.0,1972,54987.384734
0.0,881,55034.28646
0.0,1034,55094.715678
0.0,884,55147.39961
4300.0,1560,55239.609346
4900.0,1862,55353.378918
0.0,954,55407.310561
0.0,880,55460.23208
200.0,933,55514.277579
900.0,1077,55576.74145
1700.0,1258,55653.724396
0.0,938,55708.370555
0.0,959,55769.212334
0.0,949,55823.272333
2400.0,1511,55913.161599
600.0,994,55966.879513
4000.0,1204,56042.611134
1200.0,1076,56105.547487
1100.0,1070,56167.402119
4100.0,1570,56259.149809
1900.0,1461,56349.868513
4200.0,1429,56434.239326
1900.0,1254,56503.322858
3600.0,1547,56597.139069
0.0,919,56651.088983
5000.0,1254,56727.627775
400.0,1042,56789.255645
5000.0,1861,56897.424314
1500.0,1044,56958.75027
4000.0,1626,57056.793582
5100.0,1730,57157.196092
2600.0,1485,57248.55031
0.0,878,57302.116828
3000.0,1690,57402.619349
4100.0,1523,57495.138936
3300.0,1504,57580.685755
1600.0,1078,57649.167289
0.0,880,57696.148614
6600.0,1714,57802.852687
0.0,915,57857.174568
1900.0,1088,57918.669252
1400.0,1104,57986.45141
0.0,881,58033.573874
3500.0,1549,58126.405863
300.0,1062,58193.974634
0.0,880,58240.041252
0.0,878,58292.389887
1300.0,1337,58368.744421
0.0,885,58421.091118
200.0,1054,58482.69919
1700.0,1278,58559.030294
200.0,930,58613.656886
200.0,880,58666.964304
5300.0,1602,58766.601133
400.0,1158,58830.031416
4900.0,1420,58914.94353
3100.0,1736,59021.32481
2600.0,1536,59111.720649
2000.0,1415,59195.086932
2100.0,1810,59301.889634
2400.0,1382,59377.862957
4900.0,1565,59475.420946
3100.0,1500,59559.747473
4700.0,1650,59659.386025
2500.0,1374,59742.739565
5200.0,1657,59835.293545
4000.0,1695,59940.710171
3700.0,1596,60032.951325
1600.0,1104,60095.564264
5500.0,1733,60201.725744
2200.0,1229,60270.47743
900.0,1003,60331.200112
900.0,966,60385.776838
0.0,929,60446.036067
300.0,1042,60507.269482
0.0,966,60561.607157
400.0,1133,60629.84815
3200.0,1391,60712.485564
3300.0,1200,60782.393542
800.0,1304,60858.948708
5300.0,1419,60944.768896
400.0,989,61005.929576
2900.0,1536,61089.813969
0.0,883,61143.620245
900.0,1066,61204.120468
2300.0,1507,61294.185169
1900.0,1444,61379.55779
1800.0,1267,61455.320287
1000.0,1014,61515.916042
200.0,992,61576.840523
5800.0,1793,61678.634404
0.0,936,61738.626355
0.0,880,61786.560786
4400.0,1709,61893.040996
900.0,1106,61954.603604
4600.0,1541,62047.100483
3700.0,1719,62146.751239
4100.0,1399,62230.447988
5200.0,1597,62328.27872
6400.0,1350,62405.545651
3400.0,1619,62503.600855
2200.0,1504,62588.956761
4700.0,1562,62680.670679
2200.0,1235,62755.679276
2300.0,1458,62840.544914
4600.0,1337,62917.940096
4800.0,1591,63015.524934
2500.0,1549,63106.384719
4000.0,1431,63189.675011
6800.0,1547,63280.20474
3600.0,1645,63378.569304
4300.0,1392,63454.556869
1600.0,1148,63522.288594
4700.0,1307,63597.463641
400.0,986,63657.597144
2000.0,1305,63733.553139
4100.0,1552,63823.545255
4300.0,1495,63913.922898
4900.0,1520,63997.929557
4800.0,1509,64087.676947
2600.0,1230,64164.695333
4200.0,1633,64258.69073
1000.0,1204,64328.944494
5700.0,1735,64434.388287
1200.0,1116,64503.368837
1400.0,1552,64594.141229
4200.0,1667,64687.642884
2000.0,1146,64756.49086
4000.0,1338,64840.002245
3000.0,1490,64924.91507
3400.0,1269,65000.863024
6300.0,1398,65084.082382
1200.0,1095,65145.104936
200.0,934,65199.011184
1100.0,1188,65276.18496
1800.0,1362,65353.825017
5700.0,1581,65445.693413
3600.0,1688,65544.796243
3500.0,1395,65628.980356
7100.0,1846,65742.54789
2300.0,1437,65827.508107
3000.0,1251,65897.534151
2100.0,1574,65995.516097
2600.0,1118,66057.436849
3300.0,1443,66142.18517
3200.0,1539,66235.372319
3100.0,1591,66333.455621
3100.0,1465,66418.458208
4200.0,1561,66511.308675
1800.0,1562,66604.434801
1000.0,1356,66689.864583
2000.0,1314,66768.120909
5100.0,1888,66877.992334
4900.0,1635,66978.019995
5000.0,1748,67085.67591
3300.0,1520,67173.195405
3700.0,1377,67257.449827
4000.0,1620,67351.86959
2500.0,1446,67444.146497
4000.0,1978,67560.606783
5600.0,1887,67676.73081
2700.0,1395,67755.630165
3800.0,1272,67833.65389
2700.0,1300,67911.135096
3800.0,1624,68011.283239
1900.0,1300,68088.23509
2600.0,1332,68166.358546
1300.0,1338,68249.605376
400.0,1023,68304.885127
2800.0,1931,68418.951931
1800.0,1183,68494.088863
600.0,1200,68563.461824
900.0,980,68618.442876
5400.0,1129,68686.974322
3700.0,1801,68794.104628
8700.0,1610,68892.716119
200.0,904,68940.668805
5000.0,1616,69040.198131
3800.0,1278,69116.957722
400.0,976,69171.636011
6500.0,1890,69287.304737
4500.0,1528,69379.601618
700.0,987,69434.24116
4200.0,1448,69525.317391
3400.0,1396,69603.780336
2800.0,1278,69680.006407
200.0,1035,69741.259829
4400.0,1452,69832.365984
4200.0,1536,69917.915208
3800.0,1393,70001.589134
3400.0,1532,70093.030556
4900.0,2297,70232.118222
3700.0,1414,70317.281312
3400.0,1499,70401.825101
3900.0,1434,70492.066389
4900.0,1706,70591.881365
2800.0,1624,70684.265617
4600.0,1748,70791.167428
2400.0,1334,70867.108597
5000.0,1562,70958.450596
300.0,1019,71019.028169
2400.0,1292,71096.025445
5000.0,1609,71194.33963
5700.0,1569,71285.831881
2700.0,1310,71363.375274
1900.0,1388,71447.293383
3400.0,1955,71564.128743
3900.0,1761,71665.577352
6600.0,1925,71780.41376
3800.0,1457,71871.905961
5500.0,1772,71973.937205
5300.0,1873,72086.936686
1500.0,1334,72162.542489
7600.0,1566,72254.051538
900.0,1125,72322.249266
4800.0,1455,72406.651531
5900.0,1869,72521.219102
4900.0,1431,72605.905393
4800.0,1716,72705.582503
5200.0,1617,72803.796482
4100.0,1523,72889.066921
5600.0,1430,72974.75577
10200.0,2044,73095.920734
4600.0,1326,73179.387976
3500.0,1715,73278.808737
0.0,911,73332.486373
3700.0,1200,73401.702002
2000.0,1178,73471.005452
5100.0,1406,73556.246438
0.0,897,73609.456655
5900.0,1494,73700.236174
4700.0,1550,73791.174057
5400.0,1568,73884.097374
7200.0,1739,73984.349947
5900.0,1569,74075.866329
2000.0,1555,74167.187106
600.0,1213,74243.5499
3900.0,1962,74357.772263
3100.0,1351,74434.004663
2300.0,1262,74509.987114
3200.0,1497,74602.127998
2500.0,1186,74671.506575
4600.0,1420,74754.799852
5400.0,1423,74838.707856
1000.0,989,74899.462674
3900.0,1589,74991.636459
4200.0,2199,75120.856689
3500.0,1589,75213.003006
5600.0,1789,75320.922483
5900.0,1721,75421.296694
1800.0,1149,75489.828874
5400.0,1739,75596.277504
6800.0,1939,75709.761399
3500.0,1286,75784.477973
6500.0,1535,75876.29487
4400.0,1861,75984.94579
4700.0,1579,76076.022662
5800.0,1484,76166.263191
0.0,881,76219.448645
4000.0,1257,76290.112717
6500.0,1655,76388.143214
7500.0,2003,76510.311318
3000.0,1519,76595.116397
4400.0,1587,76694.094181
7100.0,1751,76794.378064
4800.0,1887,76909.362726
1500.0,1074,76970.936331
5000.0,1480,77061.886227
5700.0,1795,77163.694241
7700.0,1699,77269.823163
200.0,949,77322.915197
1500.0,1174,77392.896069
5700.0,1645,77491.12292
9300.0,1584,77583.285179
3000.0,1356,77666.534896
4900.0,1554,77758.71639
6400.0,2256,77891.52463
5800.0,1668,77990.610468
5300.0,1588,78082.292952
4600.0,1447,78166.644658
1200.0,1237,78243.474984
4200.0,1393,78327.401943
4100.0,1618,78420.145077
5400.0,1432,78503.040885
5300.0,2065,78623.083648
3200.0,1148,78691.573187
7500.0,2079,78815.360006
5600.0,1841,78928.76388
5500.0,1737,79029.515977
6800.0,1313,79106.730836
5800.0,1797,79214.840075
600.0,1036,79275.455715
2700.0,1435,79360.243108
4100.0,1456,79450.491168
4200.0,1618,79542.937657
4600.0,1377,79625.588486
4800.0,1427,79708.714566
2000.0,1084,79769.715326
5500.0,2240,79903.130179
3200.0,1547,79994.003498
4600.0,1947,80108.140184
4400.0,1768,80207.980897
3200.0,1515,80300.589095
4500.0,1315,80376.241137
4000.0,1685,80475.170155
4300.0,1809,80581.537785
7100.0,2245,80718.186682
6800.0,1690,80815.923882
3300.0,1771,80921.628624
5300.0,1304,80998.425975
1500.0,1236,81067.466571
1500.0,1113,81135.255853
8100.0,2152,81259.058641
5200.0,1529,81350.914568
6000.0,1323,81432.675641
9100.0,1893,81541.098864
4900.0,1974,81661.88734
5000.0,1905,81769.636095
6600.0,1937,81884.569096
6000.0,1622,81983.546164
4300.0,1368,82060.630062
6600.0,2044,82185.312928
6800.0,1726,82292.205143
8700.0,2178,82420.507827
6300.0,1408,82498.30445
4300.0,1308,82580.697604
5900.0,1857,82688.443233
3500.0,1515,82779.286894
2600.0,1888,82888.116596
6500.0,1856,83001.059579
5000.0,1543,83092.625008
7000.0,1668,83193.522643
4300.0,1468,83278.067892
2800.0,1318,83355.158991
3200.0,1522,83446.440847
2800.0,1363,83522.643223
4300.0,1808,83634.622357
5400.0,1543,83719.662149
8600.0,1659,83817.955586
5400.0,1930,83931.367772
4200.0,1532,84022.130886
4000.0,1423,84105.682878
6900.0,1778,84212.382362
1400.0,1052,84273.829155
7300.0,1525,84364.888619
6900.0,1991,84480.184551
8700.0,1931,84594.581779
7200.0,1797,84702.450238
7300.0,1619,84800.918697
6500.0,1813,84907.982252
4300.0,1304,84983.910497
5100.0,1775,85091.484394
3500.0,1304,85166.345263
4900.0,1944,85279.464064
4900.0,1622,85371.900288
3400.0,1292,85447.842592
3900.0,1658,85547.681017
5000.0,1781,85653.412877
6100.0,1568,85745.352205
4200.0,1862,85857.421145
6100.0,1950,85972.207006
3700.0,1603,86064.404213
5200.0,1562,86156.3108
3700.0,1540,86247.392326
3400.0,1954,86361.507124
5100.0,1520,86451.359452
4000.0,1442,86536.203075
6200.0,2274,86671.539466
3500.0,1210,86740.128685
9400.0,2257,86875.802114
3500.0,1273,86951.238381
4200.0,1742,87051.011054
4600.0,1395,87134.33289
4500.0,1507,87218.352327
5800.0,2164,87347.185955
5200.0,1901,87461.924245
5500.0,1548,87554.126928
2800.0,1352,87631.083052
5700.0,1524,87723.595853
6500.0,1988,87845.354952
7100.0,1998,87961.378242
3200.0,1605,88060.135243
4500.0,1902,88168.973053
4000.0,1587,88268.438481
3700.0,1595,88361.56991
5700.0,1366,88445.321882
4600.0,1756,88546.541003
8600.0,2415,88690.480867
5600.0,1387,88774.675935
7900.0,1931,88889.439816
3900.0,1302,88965.154692
3200.0,1207,89034.7685
8500.0,2001,89156.016765
5200.0,1811,89263.338099
1800.0,1404,89340.365614
4600.0,1444,89431.375651
6500.0,1942,89546.138756
8200.0,1846,89652.468648
6600.0,1817,89758.77155
6400.0,1918,89874.294159
7900.0,2128,89996.12501
2900.0,1649,90093.866623
7400.0,2319,90229.084249
5100.0,1878,90342.933634
8900.0,2144,90466.032135
6400.0,1877,90581.370903
4900.0,1902,90695.528761
8300.0,2188,90825.937139
6600.0,1586,90920.214023
3000.0,1274,90996.62043
3600.0,1249,91074.119233
2400.0,1378,91151.195577
9200.0,2344,91288.213551
4100.0,1370,91371.636494
4500.0,2212,91502.18635
8000.0,2211,91632.50729
6200.0,1496,91724.86791
5800.0,2038,91848.036976
7200.0,1414,91932.073543
6200.0,1563,92023.824269
3300.0,1328,92101.538897
5400.0,2205,92231.963275
5200.0,2236,92363.469419
8100.0,1773,92471.640919
6600.0,2667,92633.181576
5200.0,1366,92716.557092
11600.0,2637,92871.337499
4300.0,1500,92962.03408
5400.0,1432,93047.399639
3900.0,1493,93132.239384
8400.0,2451,93275.415827
4700.0,1895,93387.055427
1900.0,1206,93456.59694
5000.0,1749,93561.445459
2200.0,1314,93636.878128
4000.0,2059,93756.064486
6100.0,1947,93870.323155
7500.0,2082,93990.992887
8200.0,2232,94128.106589
5100.0,1827,94233.548855
6900.0,1455,94317.128654
8700.0,2262,94451.402378
4800.0,1683,94550.026293
2800.0,1271,94619.104717
4900.0,1698,94723.153361
7500.0,1998,94837.24229
6100.0,2190,94965.475905
4300.0,1333,95042.288036
7200.0,1794,95147.364969
5500.0,2270,95282.847954
3800.0,1561,95372.933455
5100.0,1729,95471.693209
3500.0,1470,95560.24984
3700.0,1460,95643.003496
8000.0,2020,95762.579949
4400.0,1900,95867.695089
7900.0,2137,95995.663699
11900.0,2821,96160.668089
6000.0,1708,96258.83059
9300.0,1724,96362.493112
4700.0,1306,96436.618857
5600.0,1574,96526.457083
8200.0,2176,96652.454612
5900.0,2372,96786.589584
5500.0,1571,96875.160351
6700.0,1936,96985.597746
5800.0,2314,97120.213663
8400.0,2005,97239.529054
5800.0,2125,97358.405375
4900.0,2067,97477.992877
7200.0,2278,97611.136755
6900.0,2327,97743.436511
6200.0,1585,97833.44371
8000.0,2038,97951.496339
8800.0,2201,98078.965705
9300.0,2021,98199.980947
5100.0,2344,98335.138969
9200.0,2131,98461.186613
6900.0,2155,98581.535979
4000.0,1409,98663.283935
5900.0,1527,98753.384243
400.0,1034,98811.677114
6600.0,1540,98901.912447
5200.0,1511,98991.494941
7200.0,1742,99089.821515
6400.0,2146,99217.423333
2800.0,1147,99284.652596
8400.0,2568,99434.535115
7500.0,2042,99552.579178
4400.0,1558,99642.631465
5200.0,1640,99732.102199
8500.0,2308,99867.934259
2200.0,1258,99941.883595
7500.0,2140,100068.529023
7700.0,1997,100181.415246
5500.0,2355,100316.569437
5900.0,1795,100421.758491
8300.0,2307,100557.55146
5100.0,1525,100648.03233
7300.0,2272,100783.828116
6600.0,1636,100874.800618
6400.0,1893,100988.101254
8500.0,2117,101108.657784
6700.0,2040,101227.783547
5000.0,1486,101317.78795
9500.0,2293,101451.906621
9600.0,2571,101595.645027
11400.0,2761,101760.454249
8000.0,1959,101873.897567
11400.0,2690,102032.607019
6000.0,1716,102130.92129
3300.0,1205,102204.951565
10100.0,2354,102340.631327
7800.0,1717,102438.073543
6700.0,1632,102535.151736
6400.0,1916,102647.969782
7400.0,1903,102754.281474
9200.0,2242,102888.429801
8300.0,1628,102980.195378
5300.0,1901,103091.650745
6000.0,2107,103217.648855
5600.0,1590,103309.08548
9200.0,2144,103430.635666
5700.0,1667,103527.8185
9000.0,2047,103648.900017
4800.0,1425,103730.847463
8500.0,1782,103834.968095
8700.0,3120,104014.277268
3700.0,1786,104119.077852
5800.0,1412,104201.022856
3100.0,1494,104289.369188
7600.0,2095,104410.38036
7400.0,2007,104529.318173
3200.0,1275,104597.524779
1500.0,1532,104687.390264
9400.0,2456,104830.110383
12000.0,2959,105004.442132
5200.0,2190,105133.291697
11300.0,3019,105312.027213
3800.0,1400,105394.200795
9900.0,2336,105529.509939
10300.0,3261,105717.043443
8600.0,2280,105851.551266
6500.0,2119,105972.131082
10500.0,2534,106122.20369
13400.0,3202,106309.319475
9300.0,2299,106445.319641
12200.0,3193,106628.165594
6700.0,2267,106763.716842
5800.0,1709,106863.351496
6200.0,1548,106954.51708
4800.0,1721,107058.457216
8700.0,1909,107165.656031
5200.0,1864,107279.014576
7100.0,1505,107369.28201
8300.0,2475,107513.930642
5700.0,2193,107642.674959
6700.0,1721,107740.962551
8000.0,2801,107907.185146
5600.0,1690,108005.31282
7200.0,2504,108147.68235
3800.0,1235,108221.451356
9200.0,2548,108371.561232
11600.0,2661,108524.251664
4900.0,2002,108644.455533
7300.0,2230,108772.103719
7900.0,2112,108898.727026
4000.0,1398,108975.536927
8000.0,2513,109123.915304
9700.0,2244,109251.922097
11900.0,2793,109414.089911
11800.0,2942,109586.459684
900.0,1143,109654.47585
6700.0,2121,109774.356641
6200.0,2017,109894.934362
11700.0,2737,110053.118763
8400.0,2729,110211.554526
7300.0,2647,110368.705066
9500.0,2989,110542.512608
9400.0,2197,110671.66627
8600.0,2168,110798.914199
6200.0,1552,110888.326023
8600.0,2525,111040.083627
6300.0,1847,111146.202901
9800.0,2599,111298.865711
7600.0,2585,111452.729952
13700.0,3466,111658.353788
8300.0,2684,111818.27822
6400.0,1909,111933.427441
8900.0,2766,112094.53735
7300.0,2309,112233.806058
8400.0,3084,112416.828076
4800.0,1642,112516.94728
7900.0,1914,112630.998264
14900.0,2915,112797.619369
8800.0,2331,112940.585817
10100.0,2821,113107.851909
8400.0,2488,113251.910367
5100.0,1672,113349.901797
200.0,899,113403.118719
8000.0,2419,113540.016875
2500.0,1474,113628.968283
7500.0,1500,113717.351067
5700.0,1164,113778.086884
13900.0,3188,113962.675127
8700.0,2859,114125.01145
11100.0,2684,114278.514294
9200.0,2875,114448.431672
8200.0,2367,114582.258104
4000.0,1369,114662.165534
7300.0,2504,114801.603298
15100.0,3276,114994.88691
4900.0,1869,115100.202404
8100.0,1961,115212.948082
3900.0,1915,115326.03948
8400.0,1970,115438.582962
10400.0,2986,115615.201896
6400.0,1495,115698.250947
8700.0,2405,115838.60278
6200.0,2039,115958.209098
7000.0,2371,116092.433291
4500.0,1815,116196.246011
4800.0,1497,116284.485185
6100.0,1646,116375.375105
7300.0,1751,116478.745964
9000.0,1843,116582.823552
7100.0,2911,116752.914947
7400.0,2448,116894.401544
8400.0,2318,117028.967227
6100.0,1512,117118.953391
5400.0,1735,117217.279203
8800.0,2520,117369.466101
6300.0,1691,117468.037498
8500.0,1981,117581.698662
10400.0,2963,117755.302217
4800.0,1427,117837.9981
9600.0,2695,117994.769927
8800.0,2740,118152.717158
6400.0,2078,118280.927205
6800.0,1684,118378.388107
8600.0,2427,118521.878927
7300.0,2191,118651.052407
8200.0,2240,118780.247656
4600.0,1429,118863.507362
7000.0,2508,119007.449296
5200.0,1205,119081.921079
5300.0,1651,119179.562488
11000.0,3245,119368.194589
7000.0,2000,119481.408412
6500.0,1335,119563.370965
3800.0,1464,119647.206146
5600.0,1589,119738.201505
4800.0,1980,119858.225745
7500.0,1603,119949.319713
7400.0,1717,120046.56849
5800.0,2264,120180.272396
6000.0,2258,120308.251643
6900.0,2641,120465.725919
6700.0,1464,120548.938119
3700.0,1389,120630.665573
7400.0,1493,120719.827525
4300.0,1563,120811.716905
5800.0,1481,120896.603539
3000.0,1345,120977.894862
4800.0,1747,121076.303372
7300.0,2098,121196.746864
7900.0,2624,121353.707845
19000.0,3833,121579.131327
8900.0,2955,121752.872985
6600.0,2309,121881.483302
6500.0,2358,122023.405319
9000.0,2290,122158.249983
6000.0,2150,122279.700667
9400.0,2374,122421.072706
7800.0,2749,122578.77254
8700.0,2134,122703.923985
5300.0,1221,122771.647893
12600.0,4016,123004.778819
10500.0,2712,123162.06689
8600.0,1764,123266.137201
9700.0,2177,123394.376845
8100.0,2185,123521.050728
6000.0,1588,123611.503039
12400.0,3213,123799.339392
6100.0,1657,123896.823772
1500.0,1093,123957.341175
5700.0,2093,124084.327585
3600.0,1449,124166.314411
9500.0,3330,124361.554014
3100.0,1211,124430.031159
5600.0,1821,124536.103378
10800.0,2690,124694.600971
6400.0,1967,124808.720659
7700.0,2256,124944.207225
6100.0,1772,125048.518589
9500.0,2008,125162.487784
10000.0,3109,125341.705416
11000.0,2852,125506.818479
11700.0,3043,125686.40599
11800.0,2893,125859.656921
8600.0,2282,125989.436695
4800.0,1727,126094.437733
5900.0,1733,126193.190808
5100.0,1945,126306.397011
9500.0,3023,126486.689769
10700.0,3405,126682.671308
14000.0,3378,126878.151825
1600.0,1047,126944.292007
4300.0,1321,127019.720139
7300.0,1902,127125.875039
3100.0,1124,127192.20668
8100.0,1976,127305.096307
7800.0,2701,127463.428432
6200.0,2230,127597.672178
6000.0,1542,127687.141551
9200.0,3031,127859.663389
5300.0,1795,127965.310938
8900.0,2009,128089.396337
8300.0,2553,128240.910727
6100.0,1952,128355.65932
8100.0,1956,128469.106409
8500.0,2742,128625.995174
13500.0,3443,128827.978225
5900.0,1365,128909.584077
7300.0,1513,128993.416536
5400.0,1754,129096.545219
8500.0,1905,129207.768705
9600.0,2670,129358.667454
5800.0,2253,129493.138342
5700.0,1435,129576.348913
10300.0,2865,129743.146086
8100.0,2360,129885.559233
5600.0,1511,129968.589869
8300.0,2508,130120.735376
9400.0,3140,130302.289433
12500.0,2699,130458.056665
7500.0,1609,130553.184187
5300.0,1789,130650.652935
8900.0,2450,130791.631049
7800.0,2199,130924.01894
5800.0,1687,131021.811569
7800.0,2518,131163.141653
8900.0,2716,131319.207021
16600.0,3195,131504.076176
9100.0,2753,131667.928172
10700.0,3142,131849.040113
7000.0,2254,131978.861394
18200.0,3794,132206.413869
10700.0,2967,132381.624161
5700.0,1791,132486.711424
4100.0,1626,132578.198127
7600.0,2264,132713.659176
7600.0,2271,132849.875416
3400.0,1671,132947.990765
9600.0,2826,133113.563005
10000.0,3268,133301.88973
8100.0,2259,133438.8659
10100.0,3110,133621.82925
8700.0,2629,133774.157851
12700.0,3052,133953.872818
10900.0,2729,134111.600907
13100.0,3110,134291.851986
7300.0,1942,134406.147461
17000.0,3997,134643.083337
7500.0,2296,134780.411718
10200.0,2984,134955.801423
7400.0,2933,135130.502304
15000.0,3367,135330.182809
10200.0,3203,135529.485184
10000.0,3014,135712.598205
1200.0,1099,135773.817636
8300.0,2035,135895.942153
5300.0,1540,135986.559742
10500.0,2710,136146.016426
9600.0,2937,136324.541034
9300.0,2946,136500.264087
7800.0,2122,136621.824346
7500.0,1849,136727.808483
10300.0,3151,136915.729702
6600.0,1839,137022.306808
7600.0,2786,137187.403775
6800.0,2155,137314.039701
6700.0,2297,137442.301952
11900.0,2843,137607.092133
7800.0,2655,137764.879372
5100.0,1238,137837.852254
11900.0,3526,138041.221769
13400.0,3201,138229.485576
9600.0,2331,138364.772514
8300.0,2146,138493.866609
4300.0,1452,138578.951091
12200.0,3033,138756.918269
13100.0,2799,138923.804734
9400.0,2112,139051.12377
6700.0,1591,139142.218212
11200.0,2410,139286.700189
13700.0,3124,139468.406393
5900.0,2229,139597.650372
6900.0,1532,139689.628437
3500.0,1564,139780.673388
11300.0,3514,139986.350193
7400.0,2413,140129.50987
9300.0,2707,140291.215776
9300.0,2653,140450.771474
5600.0,1998,140565.582879
14200.0,3383,140768.461396
5000.0,1756,140866.196627
14500.0,3348,141060.890152
3400.0,1199,141134.65694
8900.0,2705,141292.168653
7300.0,2127,141414.109974
8500.0,2316,141550.606596
9200.0,2324,141687.122664
13200.0,3374,141884.324112
7300.0,1947,141998.324863
8100.0,2047,142119.737058
11300.0,2838,142286.142128
15300.0,3307,142482.558929
8600.0,2397,142626.161895
8600.0,2576,142776.975321
11600.0,3057,142953.257482
6200.0,1692,143057.520765
9200.0,2452,143200.559001
7200.0,2355,143338.145768
6500.0,1991,143451.050809
7200.0,2132,143578.593453
10100.0,3016,143753.275975
5900.0,2011,143874.374042
8200.0,2133,144003.054224
10300.0,3307,144192.356652
7500.0,2855,144359.881184
15100.0,4045,144601.08421
6700.0,2568,144754.483294
8300.0,1812,144860.598935
8700.0,2135,144982.53388
8200.0,2618,145139.736794
12200.0,2806,145306.344512
11200.0,2984,145480.229535
13900.0,2909,145649.46899
11200.0,2539,145801.150766
11400.0,1857,145906.775752
11300.0,2749,146072.455269
8800.0,2964,146247.967656
9900.0,3132,146431.593031
8300.0,1860,146543.803105
13700.0,3605,146758.408818
7700.0,2699,146919.18778
8500.0,1881,147027.101065
7200.0,2307,147163.433149
7400.0,1675,147262.762084
8600.0,1911,147377.998432
8300.0,2084,147498.668266
10700.0,3171,147684.588032
6900.0,2032,147798.269869
6300.0,1588,147895.973821
6900.0,2140,148016.89517
7200.0,1977,148134.893162
9800.0,3014,148308.614683
5600.0,1786,148413.251105
13200.0,3327,148608.062737
8000.0,2716,148765.790726
7400.0,2097,148885.848866
9500.0,2381,149030.114865
7000.0,2342,149167.649951
3900.0,1625,149266.378433
15800.0,2831,149427.967477
3500.0,1418,149512.84347
5400.0,1693,149618.546284
5700.0,1493,149702.704147
9700.0,2443,149846.356697
12600.0,3061,150027.82688
9300.0,2484,150172.988784
7500.0,2050,150295.09918
8200.0,2006,150416.352957
10700.0,2371,150552.440477
11300.0,3118,150733.334899
5600.0,2075,150855.352967
5600.0,1273,150931.932919
5900.0,1462,151022.469331
6100.0,2129,151145.114853
9600.0,2413,151289.714563
6700.0,2401,151427.134508
11600.0,2842,151600.720863
8000.0,2391,151738.10177
12800.0,3255,151927.767876
7400.0,2086,152055.247328
8900.0,2329,152192.26938
5800.0,1673,152290.061909
8100.0,1781,152389.754717
18400.0,4008,152631.73216
12300.0,3146,152814.782224
10200.0,2764,152980.475774
10500.0,3116,153162.590922
11400.0,2558,153314.237814
8100.0,2211,153444.220662
13000.0,3062,153626.929575
11200.0,2893,153795.175495
8000.0,3111,153977.003734
7500.0,1819,154084.573102
8000.0,2406,154229.032091
10800.0,2110,154351.136641
14700.0,3265,154547.192992
8700.0,2105,154670.183838
5500.0,1720,154768.022861
18600.0,3792,154993.977588
11500.0,2839,155160.31596
7300.0,1672,155258.939073
6600.0,2198,155388.082954
8900.0,2844,155554.155486
8800.0,2068,155676.484016
4800.0,1927,155792.682771
9300.0,2394,155938.326699
5800.0,1973,156054.675148
11300.0,3271,156248.235642
9600.0,2012,156371.651951
4700.0,1988,156488.57352
6000.0,1399,156573.380862
8700.0,2271,156716.279112
8100.0,1493,156814.624251
11200.0,2587,156991.125844
10200.0,3349,157222.651225
7800.0,2913,157425.151538
15500.0,3543,157665.24076
9200.0,1904,157793.479902
6600.0,1948,157936.116503
20600.0,4003,158213.187812
8900.0,2308,158372.780127
11400.0,3310,158590.795518
6400.0,2315,158755.42004
7300.0,2623,158947.168889
10800.0,2387,159114.307595
8500.0,3345,159352.129017
7800.0,1845,159486.864244
10600.0,3368,159722.010039
9900.0,2186,159877.284246
8100.0,2262,160032.760676
10300.0,2644,160222.795192
5800.0,1737,160340.41579
9900.0,2489,160518.485011
11700.0,2801,160712.153201
9300.0,2949,160919.884813
9900.0,2913,161127.127704
5500.0,1431,161226.799475
9900.0,2201,161379.428094
19000.0,3766,161640.314815
12400.0,3395,161885.28663
9700.0,2475,162059.635844
7800.0,1504,162168.527463
7200.0,1932,162302.315389
6400.0,1499,162400.458788
6900.0,1880,162515.896178
2500.0,1328,162593.966121
9100.0,2594,162747.830705
8100.0,1727,162853.401712
3100.0,1305,162929.439887
13500.0,3640,163144.655837
8700.0,2882,163314.230145
7100.0,1752,163420.783296
7700.0,2025,163543.633502
8800.0,2793,163706.032116
8600.0,2529,163859.941258
11400.0,2623,164013.704464
7600.0,1957,164134.807452
8600.0,2747,164296.673751
6600.0,2095,164419.901154
10300.0,2289,164558.131295
6500.0,1466,164643.428902
6200.0,1997,164764.806455
8900.0,2656,164919.455283
9300.0,2649,165078.770612
9400.0,2328,165215.314746
14600.0,2582,165366.944303
6100.0,1752,165473.360013
11100.0,3172,165656.981229
7100.0,1972,165777.294809
5300.0,1586,165868.45079
7800.0,2917,166043.587113
6000.0,1562,166134.375969
4300.0,1974,166248.087475
7500.0,2448,166392.550109
5200.0,2013,166514.414955
10400.0,2761,166675.679568
7400.0,1688,166776.565783
8600.0,2226,166905.324287
10800.0,2710,167064.826787
9400.0,2138,167193.30837
12500.0,2730,167354.132988
9200.0,2786,167521.054265
18200.0,4378,167778.162581
5800.0,1732,167878.155064
8300.0,2660,168036.032246
7200.0,2318,168174.159565
7400.0,2583,168326.529756
9400.0,2586,168478.978299
6500.0,1483,168570.291657
9100.0,2820,168736.427448
8800.0,2744,168894.84253
5000.0,1545,168986.682766
9600.0,2266,169124.257931
6200.0,1558,169215.920243
7700.0,1778,169316.989218
11200.0,2579,169469.81017
4600.0,1483,169560.456448
5900.0,2516,169706.715382
10400.0,3174,169896.203981
9100.0,2654,170055.753907
7600.0,2276,170186.448983
9500.0,2951,170362.664834
6600.0,2195,170496.123199
4800.0,1134,170569.316756
9300.0,2631,170741.219933
6500.0,2003,170865.31909
9700.0,2835,171044.197291
7900.0,2488,171200.362439
11400.0,2228,171344.51388
7600.0,2848,171523.414911
8400.0,2555,171683.856374
9200.0,2007,171806.927144
11200.0,3389,172026.532344
12100.0,2847,172205.933549
8200.0,2044,172335.979557
5500.0,1791,172443.380579
8000.0,1943,172572.389015
9900.0,2893,172750.838659
12600.0,2850,172928.318644
8800.0,2166,173065.963136
10800.0,2805,173244.803989
13100.0,2635,173409.214434
8000.0,2385,173563.552454
10900.0,3532,173784.187918
12100.0,2606,173947.581746
10100.0,3081,174142.03666
11300.0,3043,174335.353769
8000.0,1967,174458.324649
10200.0,2371,174610.82325
11400.0,2424,174757.259043
7700.0,1618,174860.700934
7800.0,2113,174991.39293
4900.0,1371,175079.662194
5600.0,1499,175176.18996
10100.0,2981,175363.1823
12400.0,3002,175551.463607
7800.0,1855,175664.735531
9600.0,2573,175828.720718
4800.0,1501,175924.743225
8600.0,2512,176086.88781
17100.0,3402,176300.841718
10800.0,2838,176479.796659
16600.0,3299,176690.122205
600.0,933,176748.042281
9800.0,3147,176943.297105
19700.0,3456,177162.754128
1900.0,1224,177243.594227
11500.0,3382,177454.882258
12500.0,3231,177656.195872
17100.0,3577,177882.364993
19900.0,3622,178112.108484
6900.0,1659,178218.406917
8900.0,2485,178373.316426
18300.0,4506,178659.188797
22200.0,4225,178926.757138
9000.0,2650,179094.716949
12500.0,2800,179267.191608
10700.0,3020,179459.928175
6800.0,2228,179597.843063
13500.0,3105,179792.907105
10200.0,2869,179978.821741
8200.0,2860,180158.056064
14900.0,4214,180426.415349
5900.0,1431,180515.646551
8500.0,2490,180669.719642
10300.0,3380,180880.284263
9900.0,2989,181073.931753
11500.0,2481,181229.207906
8900.0,3141,181424.571476
7100.0,1944,181546.074156
11200.0,3005,181740.806504
16400.0,3255,181945.720324
13500.0,2760,182118.411547
10400.0,2611,182287.854924
9500.0,2409,182429.44239
14600.0,3458,182639.82962
9600.0,2534,182799.472374
17900.0,4595,183077.297135
10200.0,3299,183270.938534
8400.0,2321,183411.760016
10100.0,3569,183634.974778
8900.0,2393,183781.169525
9800.0,2457,183926.508919
8000.0,1815,184033.763028
11000.0,2868,184199.472113
7600.0,1781,184303.727839
16200.0,3369,184501.199354
6900.0,2346,184639.434937
8900.0,2340,184785.00903
9200.0,2010,184901.361205
5100.0,1594,184998.98232
4500.0,1635,185091.491266
6100.0,1522,185182.770209
11900.0,2993,185358.202102
4000.0,1557,185449.590739
5100.0,1857,185563.662301
6800.0,1882,185672.158568
8300.0,1945,185786.399777
12400.0,3189,185975.754248
9900.0,2979,186152.426481
13700.0,2778,186319.089301
6300.0,1784,186425.026221
9400.0,2528,186570.806501
17700.0,3269,186768.455567
8500.0,2273,186899.135226
6900.0,1631,186998.531629
10500.0,2571,187150.873748
6100.0,1257,187227.025538
10000.0,3302,187418.84416
11100.0,3136,187608.470504
17100.0,3202,187797.932986
8800.0,2645,187950.804922
6500.0,2461,188095.439881
15500.0,3568,188308.632588
8700.0,2525,188461.785011
6600.0,1624,188553.94956
15800.0,4473,188820.09345
15400.0,3861,189048.83671
11200.0,3200,189239.21743
8900.0,2177,189368.428132
8600.0,2988,189544.253757
9500.0,3086,189727.285138
5300.0,1448,189812.611791
13500.0,3650,190032.380766
10100.0,2939,190200.673885
15000.0,3894,190436.652752
6800.0,1980,190551.419007
16000.0,3752,190771.888645
8600.0,1565,190862.870111
16300.0,4048,191105.723869
13500.0,3363,191304.058923
8100.0,2066,191426.800968
7400.0,2035,191548.957248
12600.0,3510,191754.481758
14600.0,3272,191953.068341
8500.0,2459,192097.86873
9800.0,2324,192235.453906
7800.0,1870,192343.96308
11100.0,2854,192511.047016
7800.0,2332,192647.914173
14400.0,3481,192860.558206
15300.0,3435,193059.884483
8700.0,2812,193226.509407
11200.0,2520,193377.867052
6500.0,1424,193462.610848
9300.0,2704,193622.934331
8500.0,2262,193752.813193
6800.0,1628,193852.669828
20000.0,4023,194088.934026
9200.0,1921,194203.920174
8900.0,2675,194363.708501
15500.0,4473,194630.63164
9000.0,2274,194762.278014
18400.0,4406,195028.897399
5400.0,1500,195114.008339
10900.0,3170,195303.9997
7300.0,2306,195439.033633
9800.0,3178,195624.291441
7500.0,2281,195761.232051
7600.0,2361,195904.843167
8700.0,2604,196057.716761
15300.0,3349,196254.27416
9400.0,2004,196369.633992
14900.0,3450,196575.380213
7400.0,1973,196689.898661
6600.0,1908,196804.577411
10400.0,2413,196949.911563
10200.0,3187,197139.927908
10500.0,3261,197329.252795
8200.0,2681,197493.459342
13900.0,3563,197713.885723
8700.0,2744,197880.033202
9400.0,3040,198068.955572
12900.0,2915,198243.328342
9500.0,2381,198391.512042
9200.0,2593,198549.095938
12300.0,2828,198721.195232
8300.0,2378,198864.445554
9300.0,2479,199019.225864
9900.0,2387,199161.543489
11000.0,3063,199348.794824
7500.0,1973,199465.690336
6300.0,1868,199581.412213
9200.0,2271,199714.196847
19000.0,3882,199953.820895
21500.0,3580,200164.361489
8100.0,1939,200280.012014
10500.0,2422,200427.708532
7200.0,1544,200520.406759
5800.0,2494,200675.283756
9100.0,2939,200849.807596
9600.0,3147,201045.747592
8700.0,2403,201195.250507
17300.0,3726,201418.100913
9900.0,2698,201585.299226
9800.0,2642,201752.4552
12000.0,2835,201925.272192
17800.0,3955,202169.430258
6400.0,1563,202264.057619
4300.0,1534,202358.068377
11900.0,3101,202547.374245
8500.0,2010,202666.231365
23100.0,3928,202907.84321
21400.0,4507,203182.422896
12100.0,3377,203387.564173
16400.0,4211,203645.662904
9500.0,2699,203810.120891
19100.0,4044,204060.068402
6900.0,1526,204148.364221
19600.0,3657,204374.173408
8800.0,2660,204530.978882
9100.0,2486,204686.897467
9200.0,2710,204851.844645
5000.0,1846,204962.5986
7000.0,1669,205064.501468
6600.0,2136,205197.249582
21700.0,3537,205408.904473
12500.0,3389,205613.055167
11300.0,2375,205759.813276
8600.0,2758,205924.815455
8400.0,2646,206088.475652
6000.0,1669,206189.677341
12200.0,3468,206400.962061
14600.0,3141,206587.908083
12000.0,3382,206792.68965
9100.0,2454,206945.885533
10500.0,2972,207124.632524
16400.0,3017,207303.404688
2300.0,1076,207364.93649
5300.0,1656,207465.323025
12300.0,2817,207635.780648
18600.0,3198,207826.707051
17000.0,4135,208072.869155
7500.0,2032,208196.017921
13000.0,3279,208390.890779
7100.0,2472,208543.175286
14800.0,3507,208751.223371
15100.0,3148,208937.681194
13900.0,3395,209145.467944
4900.0,1443,209230.538516
6000.0,1719,209332.283474
14600.0,3341,209532.933303
20000.0,4390,209795.580587
7300.0,2403,209941.697764
17800.0,3248,210135.182608
14000.0,3453,210343.359962
16100.0,4102,210589.989308
3500.0,1526,210682.413163
12300.0,2764,210845.301697
13300.0,2659,211007.721638
21300.0,4168,211255.344857
9800.0,2881,211432.317051
4500.0,1289,211510.586318
5800.0,1707,211610.636978
8300.0,2237,211741.085913
9600.0,2870,211917.360444
6500.0,1810,212024.775542
9900.0,2491,212172.116009
13700.0,3523,212380.761292
11700.0,3156,212572.336869
9400.0,2426,212720.061625
8000.0,1996,212835.493351
4900.0,1591,212928.793414
11200.0,3732,213158.280169
8000.0,2475,213304.593801
8900.0,2417,213451.220378
10500.0,2260,213583.425617
8900.0,2316,213721.506094
8200.0,2427,213866.95683
9600.0,2512,214014.994581
13800.0,3573,214231.365237
15500.0,2905,214408.209216
18700.0,3461,214615.979349
11500.0,2801,214779.118695
12300.0,2975,214962.674188
11900.0,2611,215116.1703
16200.0,2874,215285.504023
10100.0,3423,215493.320524
13600.0,3279,215686.628751
16700.0,4254,215940.974499
8800.0,1753,216047.471227
8700.0,2765,216210.383045
10900.0,2760,216379.459795
6500.0,1403,216463.611536
17800.0,4471,216726.273122
9900.0,2615,216886.805427
11700.0,2992,217062.505049
12400.0,2978,217238.777478
7500.0,2523,217391.203159
14500.0,3890,217622.102078
9100.0,2838,217792.214714
8000.0,1590,217885.632313
8300.0,2846,218056.682043
14900.0,4269,218318.155282
4400.0,1257,218389.250371
7600.0,2003,218511.056264
21500.0,4433,218774.965637
14500.0,3326,218974.648752
21100.0,4247,219232.290337
20400.0,4011,219479.148489
7300.0,1490,219563.790125
12800.0,3096,219749.83257
24500.0,4274,220005.329857
13900.0,2953,220183.594703
9200.0,1564,220276.241028
15500.0,3682,220498.04714
9800.0,2953,220674.943577
5400.0,1944,220790.919144
20700.0,3380,220991.039999
11100.0,2605,221152.795386
8500.0,2640,221307.89475
10400.0,2731,221470.755797
15000.0,3403,221677.771882
20400.0,3961,221918.273529
16500.0,3538,222126.606311
10400.0,3127,222311.354245
15400.0,2937,222488.42246
11900.0,2951,222665.088813
15500.0,3687,222888.378391
14100.0,3374,223089.60086
22300.0,3613,223305.364361
14000.0,3844,223538.865899
12000.0,2855,223706.838649
16600.0,3753,223930.778065
7900.0,1886,224046.207779
20200.0,3837,224277.560868
7500.0,1298,224354.279571
6900.0,2418,224500.633824
9500.0,2638,224654.343867
11100.0,2831,224821.739586
6200.0,1690,224921.127845
16800.0,4033,225163.660818
11700.0,3502,225372.074639
14800.0,3727,225591.61874
6300.0,1351,225669.383131
15100.0,3301,225867.220013
14800.0,3300,226063.927263
12400.0,3585,226271.687782
18600.0,4211,226524.811371
8300.0,1974,226650.76854
7100.0,2179,226779.070189
8200.0,2074,226911.763211
18900.0,3622,227125.305452
9900.0,2378,227265.429361
13400.0,3336,227465.794349
12800.0,3431,227672.930196
17200.0,3632,227888.090767
13300.0,3417,228094.080076
6400.0,1945,228209.707141
16000.0,3834,228431.66956
20300.0,3624,228651.022885
21800.0,4386,228910.102162
11500.0,3026,229087.717515
15600.0,3634,229308.084
9700.0,2583,229461.820462
8400.0,1625,229553.992248
15900.0,3237,229743.974513
25400.0,3922,229982.076478
7300.0,2905,230151.815465
7400.0,2161,230280.715802
8800.0,2190,230410.090462
16900.0,3657,230630.930596
14600.0,3474,230835.924405
7700.0,1880,230945.284998
16600.0,3782,231176.911101
17600.0,3700,231402.320227
15100.0,3965,231639.42624
17200.0,3779,231868.522312
13000.0,3273,232061.130284
9400.0,2448,232206.611315
10600.0,1948,232321.277303
15400.0,3830,232550.226386
17200.0,4215,232804.690981
19100.0,3338,233006.343384
10600.0,3086,233189.955192
23000.0,3641,233406.718966
8300.0,1652,233506.648128
18500.0,4224,233757.792648
12700.0,3785,233980.073624
17100.0,4387,234242.293586
13200.0,2911,234418.459773
11800.0,2564,234570.615212
19400.0,3262,234761.152344
19200.0,3968,234996.390293
20700.0,4106,235242.719722
7500.0,1586,235335.30657
11600.0,2769,235502.805305
15600.0,3322,235703.155866
4500.0,1186,235773.106946
8200.0,2623,235926.849619
15200.0,3468,236134.953438
9700.0,2778,236305.003442
23800.0,3676,236515.589571
6000.0,1204,236589.828886
6100.0,1496,236673.182486
15600.0,3632,236885.415002
12500.0,3052,237071.075374
18900.0,3553,237290.606829
19300.0,3784,237517.192929
7500.0,1803,237626.671292
10600.0,2416,237775.242517
9100.0,2429,237929.614232
13200.0,2757,238097.508819
19200.0,3918,238342.974462
5800.0,1311,238422.100516
14300.0,3117,238610.272501
9300.0,2135,238745.463671
14400.0,3581,238961.199194
5800.0,1811,239071.597754
14300.0,3273,239276.396895
10800.0,2452,239427.961016
9500.0,2376,239571.507842
14700.0,3231,239769.073122
12500.0,2999,239956.756636
12200.0,3127,240146.102956
12400.0,3220,240342.51279
8200.0,2045,240468.231903
18000.0,3452,240683.518514
18600.0,3807,240912.111219
16900.0,3619,241135.608555
21000.0,4183,241384.834585
9800.0,2616,241540.349461
12700.0,2874,241716.740222
14900.0,3405,241918.291668
13500.0,3073,242103.078993
5900.0,1274,242178.888838
23900.0,3875,242410.641445
9900.0,2491,242559.298316
16600.0,3036,242743.612037
7100.0,1725,242845.214939
7400.0,1607,242945.528771
19000.0,3818,243172.327839
4600.0,1772,243279.885462
9400.0,2286,243417.900213
8800.0,2672,243578.869467
16600.0,3594,243794.351966
9600.0,2192,243924.743416
7600.0,1746,244026.428302
14400.0,3227,244218.723762
12500.0,3252,244420.37719
13200.0,3593,244635.59285
6000.0,1503,244721.718246
5600.0,1521,244813.490236
21700.0,3577,245033.074419
17800.0,4123,245285.894444
8800.0,1787,245395.620987
6600.0,1647,245491.109326
20200.0,4183,245749.907596
2600.0,1131,245820.390831
18800.0,4203,246072.614166
20800.0,4437,246338.705467
18100.0,4106,246585.144718
11800.0,3131,246770.001667
17000.0,3231,246961.860162
13500.0,2825,247129.982864
13800.0,3484,247335.864167
15700.0,3510,247547.921334
20700.0,4111,247787.949036
18000.0,3333,247984.497047
6900.0,1844,248091.068933
8200.0,1542,248182.401907
16400.0,3071,248364.476757
8300.0,1848,248471.700315
18500.0,4246,248723.675273
20600.0,4172,248971.950624
5200.0,1336,249055.375273
20500.0,3770,249278.944359
8500.0,2116,249402.652014
7700.0,1928,249516.474997
15900.0,4189,249771.326802
10700.0,2574,249924.134031
22000.0,3671,250147.370548
13300.0,3643,250365.305774
9800.0,2417,250511.416382
16800.0,3320,250704.759247
19300.0,4368,250965.621
26100.0,4216,251217.316851
16000.0,3764,251446.595516
7900.0,1833,251554.885579
18500.0,3866,251784.622336
12200.0,3175,251970.936834
20600.0,3661,252194.440667
19900.0,3206,252386.077613
13600.0,3121,252570.18533
6700.0,1608,252672.030073
18200.0,4057,252915.485421
6500.0,1718,253018.166287
19800.0,4140,253273.600797
21300.0,3963,253507.594918
9100.0,2003,253630.190801
8100.0,2061,253753.811199
23000.0,3851,253986.053067
20400.0,4431,254251.590074
7700.0,1970,254374.670345
12500.0,3068,254560.604551
13100.0,3045,254739.052612
19700.0,3359,254940.746377
12800.0,2761,255111.709189
8000.0,2624,255264.907406
9900.0,2484,255410.60752
17500.0,3879,255647.578509
7600.0,2156,255771.230098
18300.0,4216,256025.583451
19500.0,3470,256232.899078
8500.0,2578,256386.988932
16900.0,4049,256630.648377
6200.0,1648,256722.227975
15900.0,3619,256939.827386
6900.0,1518,257024.439441
16100.0,3215,257212.965812
24200.0,3924,257447.526631
18500.0,4424,257707.088882
10700.0,2516,257857.272753
26600.0,3912,258084.427418
22800.0,3946,258319.512542
17000.0,4112,258563.036487
18700.0,3826,258789.836435
8600.0,2298,258926.157213
7900.0,2001,259039.143632
14400.0,2841,259205.013026
18700.0,3893,259433.420945
17000.0,3289,259628.528556
19000.0,3895,259856.633631
4400.0,1124,259923.763406
22000.0,4555,260188.251935
6700.0,2035,260309.368421
9300.0,2096,260431.581067
20000.0,4021,260672.851264
4300.0,1454,260756.51678
20100.0,3488,260958.867398
16700.0,3669,261180.83482
15500.0,3607,261397.606704
4000.0,1211,261467.452887
22000.0,3709,261694.265255
11800.0,2554,261850.808126
8900.0,2132,261972.5959
13200.0,3090,262158.229809
9800.0,2444,262307.474226
12400.0,2536,262462.415335
14600.0,3567,262678.412872
7300.0,1813,262788.155768
15300.0,3772,263014.343252
19800.0,4015,263257.843994
15900.0,3144,263447.448344
24900.0,4330,263699.285488
20400.0,4226,263948.826476
18400.0,3602,264159.850152
22900.0,3881,264387.126001
9600.0,2196,264521.787409
4800.0,1473,264605.923246
20300.0,3188,264797.419442
21700.0,3824,265021.707978
14900.0,2967,265197.631345
18600.0,3120,265389.355937
6900.0,1993,265504.647301
21100.0,4470,265775.379354
10800.0,2459,265922.424885
26200.0,4367,266182.002766
18900.0,3243,266374.869303
6300.0,1717,266480.993748
12600.0,2725,266641.639611
21000.0,4265,266893.643969
20300.0,3336,267090.193353
22600.0,3934,267317.460446
20900.0,4101,267559.420589
20600.0,3946,267794.761265
12900.0,2628,267947.283658
8900.0,1863,268058.951402
8200.0,1976,268172.909019
14200.0,3746,268392.043654
12300.0,3449,268594.078878
16300.0,3797,268818.766143
9100.0,2335,268954.34221
10500.0,2692,269111.856451
14100.0,3147,269292.096159
18200.0,3790,269516.37787
22700.0,4117,269757.681182
18000.0,3536,269962.845459
17600.0,4000,270198.470358
11100.0,3053,270380.389791
19200.0,4316,270637.98882
13900.0,3166,270821.195053
19500.0,3887,271050.096859
8100.0,2294,271187.061057
9500.0,2573,271339.855329
16700.0,3658,271556.390418
14800.0,2726,271713.870445
4900.0,1352,271789.604163
18500.0,3339,271986.475102
8400.0,1765,272091.941565
14000.0,3009,272266.838699
17800.0,3905,272499.246349
20600.0,4377,272757.479914
24800.0,3645,272971.059902
17800.0,3173,273159.372467
8200.0,1833,273265.652815
9300.0,2244,273394.619438
21900.0,3656,273612.454463
16500.0,3581,273823.918406
16200.0,4052,274059.907513
19900.0,3891,274289.838514
21400.0,3894,274524.259966
15900.0,3209,274712.199204
9500.0,2190,274840.602929
11600.0,2711,274999.942847
9900.0,2107,275122.368637
11200.0,2140,275249.739464
6600.0,1369,275327.403047
6800.0,1692,275426.808679
13600.0,3353,275624.659362
17000.0,3505,275837.347192
12300.0,2807,275998.945342
12000.0,2745,276164.699967
11200.0,3069,276348.696313
14200.0,3284,276537.620797
21900.0,3696,276757.304197
22800.0,4490,277024.560847
9300.0,1942,277138.094615
17300.0,3029,277313.001593
16900.0,3825,277540.298367
8100.0,1561,277630.482419
17200.0,4280,277887.032786
8200.0,2531,278032.944788
9800.0,2411,278176.217104
15600.0,4153,278420.043786
15900.0,3249,278610.19996
8100.0,1869,278722.133244
13000.0,3538,278928.446634
9100.0,2240,279064.479373
16900.0,3211,279254.594418
18000.0,4311,279503.885743
9600.0,2614,279660.122088
25800.0,3985,279894.460685
18700.0,3842,280121.626793
23500.0,4022,280356.740813
14300.0,3614,280564.342602
12600.0,3057,280746.711853
19900.0,3928,280975.270866
15300.0,3366,281172.567831
19700.0,3977,281408.809137
17100.0,3686,281629.569493
8300.0,2182,281758.098723
18000.0,3951,281993.928819
17000.0,4305,282244.63042
16900.0,3795,282471.438489
15900.0,3158,282652.59301
16700.0,3479,282856.399314
18100.0,3157,283045.705052
13700.0,3226,283235.419912
17700.0,4131,283478.673244
13400.0,3200,283669.668967
16300.0,3335,283866.422657
24700.0,3767,284088.6032
13400.0,2947,284263.214111
19600.0,3176,284453.366941
9100.0,2436,284598.126806
23800.0,4261,284847.847615
17500.0,3812,285068.36867
16700.0,3657,285286.964025
15100.0,2948,285460.002434
17200.0,3348,285654.706466
12400.0,3199,285842.813933
23900.0,3488,286043.852905
20100.0,3750,286261.614826
20000.0,4230,286511.228524
14400.0,3427,286708.673434
14200.0,3306,286906.486654
19700.0,4002,287142.51166
16300.0,3951,287375.835708
18400.0,3373,287573.314056
19800.0,4222,287822.691343
18300.0,3759,288041.086744
5800.0,1882,288152.794326
13200.0,3471,288356.717935
17100.0,3859,288583.872178
13600.0,3385,288780.164965
13600.0,2982,288953.47915
20700.0,4494,289219.301175
9700.0,1913,289334.160948
18800.0,3748,289554.762374
19500.0,4287,289815.102548
15000.0,3506,290023.015882
19900.0,4166,290271.004477
18500.0,3244,290469.814224
17000.0,4373,290730.200275
17000.0,3299,290924.820716
11800.0,3452,291129.097583
6600.0,1940,291243.601229
19200.0,3927,291478.570755
5600.0,1143,291547.056489
22100.0,4199,291790.799826
7900.0,1845,291902.66651
22600.0,4459,292160.913639
14600.0,2649,292319.472648
16300.0,3624,292530.629419
25400.0,4625,292804.137162
14300.0,3373,293000.087237
7900.0,2097,293120.905987
6700.0,1782,293227.781358
15800.0,3656,293446.607788
8600.0,2739,293604.013154
12600.0,3318,293800.960523
9200.0,2923,293967.149493
16800.0,3882,294201.878907
16300.0,3348,294397.116905
18600.0,4156,294640.790664
20600.0,3859,294869.171478
15100.0,3485,295074.184948
9900.0,2410,295216.576525
14200.0,3266,295407.369636
18100.0,3817,295633.263648
17600.0,3720,295851.53036
19600.0,4479,296117.35734
15400.0,4347,296372.908475
15900.0,3385,296569.192743
5800.0,1398,296651.36884
23300.0,3775,296868.585383
9000.0,1653,296966.097961
19900.0,4448,297226.297396
14100.0,3299,297421.982903
14900.0,3634,297633.176863
12900.0,2471,297784.216219
5100.0,1075,297844.623244
11200.0,3036,298017.853003
24200.0,4309,298276.870098
13600.0,2973,298451.472801
14000.0,2773,298616.467452
9500.0,2167,298739.221379
16500.0,2969,298914.630438
18100.0,3875,299148.411885
19900.0,3507,299354.759916
19900.0,3859,299582.78435
10500.0,2333,299719.342218
