# {"t_start": 1601364204.7541356, "env_id": "BeamRiderNoFrameskip-v4"} 
r,l,t
396.0,1451,81.157322
132.0,937,130.892943
660.0,1622,225.274126
756.0,1410,308.616708
616.0,1624,400.555682
352.0,1038,457.72975
308.0,1028,514.112244
804.0,1770,615.669804
352.0,908,664.972207
660.0,1803,764.108827
440.0,1018,820.203771
660.0,1740,913.713615
660.0,1240,986.490609
484.0,1266,1057.96678
352.0,1158,1123.061595
484.0,1107,1180.856643
308.0,1090,1244.045434
264.0,1400,1330.212892
440.0,953,1380.481197
352.0,990,1438.144209
660.0,2062,1557.116357
1044.0,2396,1693.458118
572.0,1188,1758.27543
616.0,1171,1822.788834
484.0,1117,1886.908287
660.0,1649,1974.279495
352.0,1034,2032.69728
572.0,1255,2103.029312
440.0,1230,2171.895767
572.0,1389,2246.183059
396.0,857,2294.934229
660.0,2065,2407.01104
484.0,1151,2470.761194
528.0,1399,2548.17596
852.0,1568,2634.974763
948.0,1986,2748.063512
484.0,1102,2805.649781
528.0,1182,2870.1277
484.0,1413,2947.49176
616.0,1558,3035.305849
528.0,1701,3134.752398
572.0,1240,3200.335518
616.0,1932,3307.306501
660.0,1650,3402.302425
528.0,1272,3475.250838
660.0,1386,3551.661664
352.0,965,3601.486239
132.0,921,3652.582384
660.0,1494,3735.782203
660.0,1361,3813.197438
996.0,2306,3936.196004
352.0,1070,4001.837518
948.0,2225,4128.531924
572.0,1455,4211.28442
528.0,1283,4285.068067
660.0,2149,4404.098617
528.0,1303,4475.30003
396.0,1085,4539.497674
528.0,1239,4604.530705
660.0,1425,4684.530637
528.0,1282,4756.981097
352.0,1049,4815.004981
352.0,1009,4873.393315
352.0,1269,4946.274628
484.0,1243,5018.092194
996.0,2312,5146.320788
308.0,959,5197.411146
396.0,991,5255.336804
572.0,1358,5326.691076
484.0,1286,5397.192574
528.0,1451,5480.781435
660.0,1389,5553.083969
756.0,2422,5688.629135
528.0,1647,5779.114113
660.0,1681,5872.658923
572.0,1569,5960.221599
308.0,1256,6031.654939
528.0,1183,6096.77972
660.0,1567,6181.544187
440.0,1170,6245.364333
660.0,2018,6358.786071
572.0,1214,6429.276232
660.0,2158,6547.547096
660.0,2034,6663.452836
572.0,1204,6734.714803
660.0,1609,6819.136592
396.0,1070,6875.838002
900.0,1699,6974.962189
396.0,1301,7044.988699
264.0,989,7098.591879
440.0,1039,7154.813374
352.0,807,7204.283233
660.0,2172,7324.511707
996.0,2379,7452.158614
484.0,1398,7532.329594
572.0,1239,7602.636258
660.0,1812,7701.784647
616.0,1310,7773.300757
660.0,1242,7839.875686
660.0,1614,7930.937202
616.0,1316,8000.956774
900.0,2297,8129.707795
572.0,1320,8201.061787
900.0,1631,8292.486056
1044.0,1762,8393.016267
660.0,2022,8507.833745
616.0,1131,8571.864087
396.0,1205,8640.736718
708.0,2226,8759.96368
440.0,1138,8825.037384
708.0,2376,8953.642081
1044.0,2224,9079.972885
616.0,1672,9174.654616
948.0,2048,9280.679194
660.0,1819,9386.211144
616.0,1525,9466.761407
308.0,1050,9529.085283
484.0,1692,9621.758224
264.0,803,9665.574673
572.0,1793,9766.734605
948.0,2355,9897.542845
948.0,2178,10017.499151
1380.0,2938,10184.343017
804.0,1901,10288.925064
660.0,1880,10394.060377
1236.0,1961,10499.570389
660.0,1476,10578.985627
900.0,1988,10695.573659
440.0,1387,10767.12574
396.0,1072,10829.449683
660.0,2104,10945.102832
708.0,1429,11021.469785
1188.0,1849,11126.347909
396.0,983,11179.346181
572.0,1403,11261.052489
948.0,2045,11385.661406
660.0,1218,11454.17494
660.0,1108,11509.520915
660.0,1719,11605.724312
616.0,1766,11695.254407
708.0,1849,11797.971097
1140.0,1840,11898.201094
572.0,1204,11961.710997
616.0,1525,12046.780039
804.0,1938,12148.472815
660.0,1240,12217.520877
660.0,1693,12306.700037
1092.0,2321,12432.617179
804.0,2091,12545.280729
660.0,1228,12613.70239
484.0,1239,12676.284734
616.0,1711,12772.063747
484.0,1378,12848.089546
1092.0,2169,12966.367323
852.0,2091,13084.465068
1140.0,2037,13198.378629
660.0,1529,13274.271541
852.0,2158,13389.881154
528.0,1250,13458.9952
1140.0,1517,13541.036162
948.0,1964,13643.193407
440.0,1124,13705.496645
616.0,1131,13761.668342
308.0,984,13815.76897
900.0,1781,13910.430624
660.0,1425,13985.330427
352.0,857,14034.608902
1140.0,1692,14124.879226
1332.0,2394,14251.129416
708.0,1554,14340.102808
660.0,1071,14395.264473
804.0,1934,14497.025722
528.0,1379,14570.521421
756.0,1550,14652.255697
396.0,1185,14712.7765
900.0,1670,14801.073076
1284.0,2005,14906.343737
1188.0,1945,15016.692045
996.0,1580,15099.282308
1284.0,2216,15217.379154
1092.0,1447,15294.687499
852.0,1610,15384.142595
616.0,1160,15444.645954
1236.0,2165,15560.544253
1188.0,1715,15654.234853
804.0,1313,15724.240913
1092.0,2336,15844.654668
1140.0,1829,15943.135462
660.0,1213,16005.337259
396.0,1024,16058.249058
660.0,1542,16137.534304
660.0,1502,16218.791777
1236.0,2091,16325.934484
1380.0,2002,16428.442766
660.0,1517,16509.127884
660.0,1419,16584.22306
1044.0,1924,16685.328839
1140.0,1658,16773.017938
660.0,1564,16855.812881
660.0,1109,16917.614021
660.0,1555,16998.984102
852.0,1232,17065.441354
660.0,1211,17127.243078
1332.0,1868,17222.76738
900.0,1252,17289.479146
528.0,1161,17349.990872
900.0,1288,17425.605382
528.0,1360,17498.594637
440.0,1183,17559.517878
440.0,1079,17613.595267
660.0,1631,17700.510934
572.0,1517,17779.725824
1332.0,1881,17875.835029
660.0,1323,17950.352052
1140.0,1879,18052.734175
660.0,1719,18146.037861
1140.0,1887,18240.185124
1188.0,1890,18343.401393
660.0,1194,18405.349632
660.0,1226,18472.745852
1092.0,1740,18561.660495
1380.0,2163,18676.315477
1332.0,2339,18798.431691
852.0,1868,18899.026034
852.0,1907,19000.951304
1188.0,2398,19124.214226
660.0,1373,19200.436612
1380.0,2195,19315.965475
900.0,1556,19406.263921
660.0,1236,19475.705348
1900.0,2795,19626.628485
572.0,1372,19696.721438
660.0,1435,19773.586806
660.0,1506,19855.290881
616.0,1130,19917.586138
1284.0,1986,20020.572848
1332.0,2022,20130.448133
1332.0,2660,20273.340158
996.0,1418,20359.343561
1092.0,2185,20475.367759
572.0,1187,20535.213845
1380.0,2221,20650.568545
996.0,1483,20730.297153
900.0,1306,20797.131217
396.0,872,20843.314741
1536.0,1996,20947.609463
660.0,1568,21038.071266
1588.0,2043,21140.038609
660.0,1189,21206.199403
1284.0,2238,21320.910742
948.0,1576,21400.690598
1092.0,1629,21493.023237
660.0,1428,21581.17094
1044.0,1922,21680.494413
1284.0,2392,21807.483564
660.0,1384,21882.899639
660.0,1009,21934.878538
1044.0,1594,22019.770804
1092.0,1869,22114.495121
852.0,1259,22180.346243
1380.0,1898,22280.845035
1900.0,3017,22435.482274
660.0,1594,22531.164025
1744.0,2004,22644.729865
440.0,1143,22704.849191
2004.0,2688,22843.393326
1140.0,1605,22925.360755
1092.0,1500,23005.089721
1380.0,1770,23099.698493
1236.0,1765,23207.987577
2108.0,3035,23394.606975
660.0,1202,23473.846211
1044.0,1631,23571.418092
660.0,1610,23678.04444
996.0,1561,23776.237921
948.0,1426,23869.010166
1380.0,1920,23990.540588
804.0,1340,24075.78346
2004.0,3140,24281.683692
1380.0,1915,24404.864494
660.0,1350,24489.796487
900.0,1763,24604.213628
308.0,933,24661.90449
1044.0,1969,24787.620853
1380.0,1768,24903.892812
1188.0,1576,24991.192962
948.0,1405,25075.100506
756.0,1444,25171.270074
660.0,1225,25243.601393
996.0,1330,25319.896685
660.0,1093,25388.713882
948.0,1406,25472.577698
900.0,1434,25552.733229
948.0,1711,25646.938608
1484.0,2171,25775.90335
756.0,1075,25835.45983
660.0,1467,25923.157473
1848.0,2132,26040.606277
1332.0,1557,26136.126694
1588.0,2187,26261.516814
3000.0,3221,26444.798988
1796.0,2439,26583.63848
948.0,1517,26665.358542
440.0,997,26728.476707
1952.0,3150,26911.749637
2108.0,3294,27096.324845
1484.0,2385,27234.117263
1380.0,2061,27351.99151
756.0,1155,27418.015428
1284.0,1875,27527.255084
1332.0,2221,27652.853656
1380.0,2364,27788.918912
1484.0,2284,27921.430622
1188.0,1463,28002.792799
1140.0,1571,28096.822432
1432.0,2368,28230.190181
660.0,1030,28288.141609
1044.0,1672,28385.850858
1044.0,1535,28474.68762
1332.0,1859,28578.177492
660.0,1058,28644.393154
1236.0,1917,28758.614269
660.0,1193,28829.26841
660.0,1423,28912.19268
1284.0,1819,29018.820201
1284.0,1664,29117.256272
1188.0,1994,29234.097701
948.0,1787,29345.882518
1332.0,2061,29468.44759
1140.0,1905,29583.523573
1332.0,2227,29720.663754
1380.0,1762,29819.614994
1140.0,2225,29954.641866
616.0,1029,30013.908348
1796.0,2497,30156.673037
900.0,1441,30239.774507
616.0,1281,30314.060168
660.0,1250,30387.192023
1332.0,2023,30506.061613
660.0,1708,30604.250592
1380.0,2294,30737.799675
1640.0,2077,30857.32623
1952.0,2618,31007.173242
1380.0,2025,31123.885792
1284.0,2014,31244.529081
2160.0,2651,31392.589029
948.0,1346,31472.542523
1092.0,1910,31582.508511
1092.0,2018,31703.904336
1188.0,1711,31808.245823
1140.0,1612,31902.235342
396.0,915,31958.326682
1140.0,1435,32040.710467
616.0,1182,32113.042311
1380.0,2038,32226.740908
660.0,1235,32303.902129
1188.0,1681,32400.0902
616.0,1515,32491.262179
660.0,1597,32582.378001
804.0,1296,32657.884327
1952.0,2705,32816.477504
804.0,1201,32891.424598
1284.0,1827,32995.471955
660.0,1127,33062.403489
1848.0,2305,33198.537982
1092.0,1550,33288.382982
996.0,1437,33369.663621
996.0,1237,33436.875435
1188.0,1641,33535.174696
2160.0,2956,33706.988117
1236.0,1824,33812.271925
1848.0,2692,33969.154022
1188.0,1640,34066.318788
1332.0,2553,34217.492025
1092.0,1519,34306.163695
1140.0,1384,34388.683743
2108.0,2241,34517.583728
756.0,1254,34591.775321
1140.0,1526,34682.19737
1744.0,2185,34814.17029
852.0,1207,34882.292072
660.0,1520,34971.362352
484.0,889,35024.338767
1284.0,1681,35121.614791
1588.0,2413,35264.419467
1236.0,1615,35356.452748
1188.0,1728,35462.051716
1092.0,1573,35553.747964
1380.0,2581,35703.186579
996.0,1365,35784.680723
852.0,1422,35873.706506
1640.0,2172,36005.126309
2160.0,2735,36176.242265
900.0,1906,36287.733053
1536.0,2163,36408.406549
1188.0,1742,36513.234458
1332.0,1737,36610.640956
2160.0,3037,36794.13357
1692.0,2424,36937.368845
996.0,1672,37034.443537
1044.0,1547,37124.075741
1380.0,1733,37221.325718
2160.0,2886,37393.238994
1092.0,1396,37475.550559
1380.0,2115,37606.083518
1796.0,2694,37762.049564
1380.0,1927,37873.828155
1900.0,2865,38044.200594
1380.0,2195,38172.161415
1044.0,1422,38255.416705
948.0,1706,38352.755548
1900.0,2395,38493.020124
3196.0,3290,38684.489086
3112.0,2578,38836.844239
1432.0,2119,38966.391911
1484.0,1969,39082.874328
3000.0,3474,39285.215574
1952.0,3157,39471.388326
852.0,1358,39552.839159
1332.0,2060,39672.444584
3420.0,3447,39873.756584
948.0,1283,39947.134057
1380.0,1782,40052.04118
852.0,1399,40133.012745
1484.0,2260,40270.765036
1380.0,1839,40375.622446
2664.0,2992,40548.513083
1140.0,1552,40638.979742
2440.0,3127,40825.648189
1848.0,2545,40968.248634
1332.0,2224,41100.528703
2608.0,3269,41289.215626
1332.0,1689,41389.164251
2664.0,3156,41585.980581
2108.0,2666,41744.240372
660.0,1281,41824.515789
1380.0,1893,41931.031791
948.0,1436,42019.854376
1380.0,1833,42125.951251
1380.0,2599,42283.89007
1332.0,1709,42380.937797
660.0,1190,42454.694453
2108.0,2715,42612.30588
1380.0,1838,42717.293892
1952.0,2514,42867.197818
484.0,879,42913.709109
1332.0,1875,43025.45798
3000.0,3265,43225.763367
616.0,1516,43314.673641
1380.0,1933,43430.518262
1796.0,2425,43575.595039
804.0,1224,43649.01714
900.0,1501,43735.831002
1332.0,1732,43839.294241
1588.0,1878,43947.137619
900.0,1610,44047.95645
572.0,869,44101.450313
616.0,1047,44163.465585
1796.0,2711,44319.8138
3252.0,3272,44507.031196
1380.0,1637,44611.416862
1380.0,1857,44716.389736
1380.0,1812,44829.445554
2160.0,3226,45018.606381
2004.0,2425,45157.783827
1380.0,1590,45253.17401
1484.0,2016,45371.38588
3000.0,3370,45563.519494
616.0,1396,45645.383246
1744.0,2023,45763.277716
1380.0,1871,45867.569603
4740.0,3497,46064.69494
2776.0,2801,46221.266536
1848.0,2149,46338.589893
2160.0,2365,46463.588654
3000.0,3230,46634.194848
660.0,1134,46695.596844
1744.0,2474,46828.47296
2608.0,3049,46984.086284
3000.0,3148,47152.419505
1236.0,1715,47239.71622
1640.0,2342,47360.61772
1284.0,1698,47453.510815
2160.0,2784,47597.009756
3120.0,3882,47804.616728
2004.0,2446,47937.534098
2056.0,2212,48056.177912
2004.0,2379,48178.64856
2384.0,3347,48356.966172
1284.0,2006,48465.820079
4740.0,4155,48717.123695
2496.0,2867,48906.170965
1236.0,1716,49012.078356
1380.0,1846,49125.87971
4898.0,3937,49381.161525
2160.0,2493,49544.894741
1332.0,1961,49652.486943
1900.0,2572,49817.469414
1380.0,1976,49942.985976
1380.0,2030,50076.377915
1140.0,1684,50183.428376
1952.0,2519,50337.851689
1380.0,1713,50433.964241
2832.0,3222,50619.681024
1380.0,1992,50738.296596
1380.0,1822,50843.527889
3240.0,3518,51044.038361
2160.0,2241,51177.568396
2552.0,3117,51355.762083
1380.0,1806,51460.424038
2108.0,2610,51610.259656
1848.0,2112,51737.836037
1380.0,1812,51842.915664
1236.0,1502,51933.375669
1536.0,1866,52037.792439
1284.0,1887,52148.671491
3540.0,3294,52336.851191
1380.0,1961,52453.697866
1692.0,2000,52565.057285
1332.0,1991,52683.238751
1796.0,2301,52815.933671
1380.0,1893,52919.916519
660.0,1128,52984.942028
1332.0,1580,53073.470317
996.0,1378,53154.804251
2160.0,2384,53295.112726
1952.0,2110,53415.884637
1796.0,2589,53564.894813
1380.0,1620,53660.865643
996.0,1436,53743.135165
1380.0,1628,53839.099985
948.0,1390,53914.741682
4932.0,3975,54148.840594
1332.0,1426,54237.380274
4260.0,3819,54454.011359
1380.0,1761,54558.817139
4320.0,3617,54770.215726
2664.0,2806,54935.870476
1092.0,1382,55017.563969
3300.0,3405,55212.469199
2552.0,3222,55399.030932
1188.0,1717,55502.820251
1332.0,1481,55586.460868
1744.0,2115,55711.814122
1900.0,2446,55853.373585
528.0,978,55906.604981
2004.0,2410,56049.890346
1900.0,2296,56182.874189
1044.0,1504,56272.751912
660.0,1161,56339.210676
1044.0,1308,56414.801747
1284.0,1939,56526.519883
3540.0,4268,56775.733668
1380.0,1705,56880.749585
2160.0,2605,57030.784401
2496.0,3099,57209.078025
1380.0,2053,57328.728613
3420.0,3099,57509.707087
2160.0,2516,57659.25745
1432.0,1848,57765.1059
1536.0,1959,57878.435799
2972.0,2687,58036.419148
3000.0,3222,58223.874361
3420.0,3686,58440.136421
2160.0,2828,58604.690493
1796.0,2134,58730.004246
1284.0,1833,58833.203975
1380.0,1959,58946.026316
660.0,1136,59012.905912
1640.0,2812,59175.985919
1484.0,2216,59303.193188
1380.0,2033,59422.380823
1380.0,1804,59525.59793
1044.0,1573,59614.662354
572.0,1096,59680.982478
2496.0,2881,59845.523736
3480.0,3777,60067.985378
3780.0,3187,60245.763945
1380.0,2001,60363.050909
1380.0,2152,60487.669052
2160.0,2521,60629.514155
4290.0,3744,60852.02107
1536.0,2119,60971.825153
1432.0,2175,61098.407824
2272.0,2276,61230.652179
1796.0,2413,61372.089235
2720.0,3105,61550.783339
1380.0,1777,61653.781291
2004.0,2553,61796.331066
3000.0,3435,61997.636602
6744.0,5735,62330.971862
1380.0,1897,62441.801791
1380.0,2053,62561.014209
5200.0,5273,62866.08364
2552.0,3003,63037.256124
2160.0,2611,63190.497338
1484.0,1832,63294.372208
1536.0,2331,63427.431467
3196.0,3238,63611.009155
3300.0,3826,63834.421265
900.0,1231,63908.49005
1044.0,1420,63989.791163
3308.0,2851,64154.36027
996.0,1338,64229.72727
2160.0,2529,64378.42169
1588.0,2063,64498.247059
1588.0,1972,64608.74807
1380.0,1929,64720.578398
948.0,1580,64815.792531
1796.0,2300,64947.838369
948.0,1347,65021.624235
3900.0,3550,65215.188347
3308.0,3346,65397.588824
2004.0,2523,65532.254471
1380.0,1677,65623.001151
1536.0,1713,65718.728803
1952.0,2328,65844.327037
1380.0,1583,65929.153749
4028.0,4248,66157.98958
660.0,1308,66228.130327
660.0,1095,66290.133302
1380.0,1932,66393.302741
2552.0,3297,66571.124586
5250.0,3704,66774.58783
1900.0,2513,66907.301181
948.0,1481,66989.81465
2056.0,2225,67111.099212
1380.0,1792,67208.588446
2160.0,2717,67355.067585
4028.0,4247,67588.653706
6024.0,5137,67868.86497
2384.0,3132,68040.769268
4220.0,4128,68267.216441
1380.0,1997,68370.511141
4350.0,3879,68588.663846
3900.0,3618,68787.092562
1236.0,1610,68872.554168
2160.0,2415,69004.54652
1380.0,1774,69102.72216
1640.0,2431,69235.755141
2552.0,3039,69397.573403
3870.0,3400,69584.680378
1536.0,1988,69689.756573
1588.0,2210,69812.94447
1796.0,2203,69931.06647
2160.0,2583,70067.269888
2056.0,2016,70175.711005
2608.0,3086,70341.332086
1332.0,1813,70437.57358
1744.0,2160,70555.885685
2056.0,2384,70682.283823
4384.0,4270,70911.633537
3000.0,3281,71089.345465
2496.0,2641,71235.836814
1848.0,2617,71375.868576
3308.0,3056,71544.061921
996.0,1521,71627.704112
1284.0,1599,71711.868161
1380.0,1519,71794.545845
1744.0,2131,71908.654123
1236.0,1925,72012.282558
1380.0,1826,72116.880625
1900.0,2474,72248.991708
2160.0,2569,72387.021707
3900.0,3665,72584.216973
3000.0,3585,72774.618241
2160.0,2679,72916.275683
3028.0,3110,73076.493649
2692.0,2382,73201.950928
2160.0,3011,73359.494311
1380.0,1711,73454.107404
1284.0,1957,73557.61984
1432.0,1931,73658.619078
1332.0,1520,73738.306618
2216.0,2898,73885.707673
2608.0,2749,74034.342989
3252.0,3021,74191.649189
3480.0,3697,74385.428527
2944.0,3269,74562.449611
3028.0,2711,74707.227383
2272.0,3005,74862.832009
1848.0,2800,75008.339063
1536.0,1995,75107.255289
2160.0,2370,75232.145872
852.0,1379,75304.859113
2160.0,2727,75450.227293
2160.0,2821,75597.596297
2108.0,2515,75725.625577
1188.0,1573,75812.949383
804.0,1302,75879.633513
2160.0,2957,76035.342853
2056.0,2485,76165.053797
4290.0,3894,76372.15462
1380.0,2221,76484.658999
4540.0,4514,76721.284138
1092.0,1541,76800.196324
2440.0,3090,76966.362761
2384.0,3029,77131.198637
3960.0,3849,77339.752731
3420.0,3480,77522.040851
5084.0,4414,77751.135191
4384.0,4470,77989.68755
3900.0,3501,78176.224367
3300.0,3422,78354.978768
2944.0,3173,78520.336352
1380.0,2109,78627.402338
1848.0,2122,78740.23192
3660.0,3391,78914.175109
5212.0,4669,79162.15431
4220.0,4078,79370.260669
2160.0,2515,79503.639853
4170.0,3589,79691.139692
5120.0,4586,79932.998136
4926.0,4163,80149.190647
1380.0,1730,80243.965701
2720.0,3318,80413.24336
2160.0,2283,80533.110847
572.0,940,80579.88449
2004.0,2261,80700.717588
1900.0,2393,80827.683485
3392.0,2551,80962.279228
6118.0,4435,81192.034678
4140.0,3811,81393.111937
3504.0,2739,81534.141498
1332.0,1522,81614.122751
1432.0,2078,81720.378245
2944.0,3178,81888.126619
3964.0,4046,82103.909093
2384.0,3036,82261.700899
2720.0,3183,82431.884188
2916.0,2856,82578.813006
1380.0,1966,82688.017775
3900.0,3694,82879.272533
5246.0,4341,83106.897921
1284.0,1532,83187.427847
2160.0,2369,83314.430876
1952.0,2104,83422.585095
1536.0,2110,83530.61278
2160.0,3110,83701.083021
1952.0,2432,83821.716409
3000.0,3257,83995.913693
6052.0,4169,84211.290217
5484.0,5119,84482.332184
4960.0,4258,84704.616964
3300.0,3215,84878.15559
1952.0,2460,85008.506006
2860.0,2938,85163.535347
1380.0,1781,85251.287613
1380.0,1865,85351.989203
2832.0,3291,85525.061351
2160.0,2494,85654.580818
3000.0,2803,85803.438494
4350.0,4126,86019.449832
852.0,1366,86092.683435
2440.0,2594,86228.301066
4170.0,3585,86416.237507
2664.0,2779,86557.235568
5090.0,4310,86785.130354
1092.0,1347,86857.87758
1236.0,1615,86940.280858
1848.0,2084,87047.020492
2108.0,2501,87179.429235
2496.0,3106,87338.736256
5150.0,4621,87581.291734
2888.0,2973,87735.959
4320.0,3640,87928.959034
3084.0,2977,88083.948304
4092.0,3873,88285.609647
3630.0,3990,88495.150207
1952.0,2712,88637.446447
1284.0,1513,88718.479384
1236.0,1624,88806.021152
1952.0,2460,88934.939957
2804.0,2735,89076.453508
2944.0,2672,89217.858881
2692.0,3236,89385.803856
1640.0,2266,89508.137515
2552.0,3116,89669.345214
3000.0,3150,89839.727751
2552.0,2504,89968.800626
2160.0,2801,90120.262647
4962.0,4362,90351.144263
4668.0,3984,90561.411656
4926.0,4155,90777.762703
1092.0,1260,90844.348563
1380.0,1817,90936.697134
1332.0,1878,91037.967112
3420.0,3178,91206.612617
3060.0,3323,91376.068099
1536.0,2413,91504.536722
3028.0,2626,91646.743733
3180.0,3457,91824.808883
1380.0,1719,91912.30141
1188.0,1684,91998.628068
660.0,989,92051.081078
1236.0,1440,92123.909758
1284.0,1698,92210.46284
5184.0,4085,92422.702576
3480.0,3778,92621.480424
1848.0,2008,92720.728728
1380.0,1827,92815.445882
2496.0,2744,92961.988917
3420.0,3750,93156.62579
3000.0,2887,93303.973039
3240.0,3634,93498.157757
3000.0,3017,93652.204045
1284.0,1822,93747.109441
1588.0,2128,93863.718168
1900.0,2383,93993.884021
4092.0,4410,94223.232276
2160.0,2429,94352.228353
2608.0,3207,94520.201619
3480.0,3646,94707.563525
1796.0,2074,94816.022744
1332.0,1637,94903.469113
2160.0,2725,95042.734039
1848.0,2289,95164.29495
3000.0,3167,95330.839399
2056.0,2862,95476.628231
1380.0,2051,95582.597048
3720.0,3698,95775.502893
2916.0,3038,95937.173397
4080.0,3745,96131.534163
1796.0,2121,96239.867021
1188.0,1859,96338.12994
2004.0,2316,96456.424927
2272.0,2849,96602.602596
996.0,1302,96668.800586
4834.0,4228,96889.133581
3000.0,2978,97043.622783
2160.0,2463,97168.428853
3900.0,4080,97379.074319
1796.0,1950,97480.223212
2160.0,2795,97625.776833
2056.0,2632,97763.445307
1380.0,1802,97857.49087
2160.0,2585,97994.383125
3360.0,3343,98170.931787
4928.0,4616,98408.182874
3000.0,3369,98583.194555
1332.0,1683,98670.603167
1380.0,1679,98759.761426
2004.0,2987,98918.879787
3570.0,3483,99098.97443
1380.0,1625,99179.807595
3690.0,3456,99362.963418
3810.0,3454,99545.130178
4512.0,4127,99755.877397
3360.0,3334,99930.00798
4028.0,3994,100141.435214
2056.0,2412,100262.043259
5796.0,4191,100482.37289
3964.0,4080,100696.833629
5378.0,4261,100920.736463
1284.0,1540,101000.663542
3420.0,2843,101153.201561
1640.0,1924,101253.215123
2272.0,2675,101411.383213
1900.0,2323,101545.497128
4604.0,4108,101775.631196
3900.0,4158,102004.411236
2440.0,3048,102171.325024
1332.0,2083,102282.452327
1380.0,1652,102378.594808
1640.0,1825,102474.170809
1380.0,1489,102555.276111
1236.0,1642,102641.575296
1744.0,2154,102754.752835
2328.0,3036,102906.76661
3240.0,3415,103093.451048
4020.0,3732,103287.651433
2004.0,2298,103408.526904
4028.0,4387,103639.224057
1744.0,2078,103744.549863
1952.0,2371,103871.901541
1380.0,1459,103946.859515
4540.0,4239,104167.630371
1588.0,1611,104254.893207
5056.0,3970,104460.9206
2496.0,2836,104607.948051
2160.0,2210,104720.499427
1952.0,2529,104852.137532
2160.0,2451,104978.444131
5342.0,4449,105207.863498
4350.0,3329,105380.694075
3900.0,3611,105565.499981
3196.0,3161,105736.963483
2160.0,2383,105863.881473
1380.0,1692,105950.775499
2160.0,2785,106088.950573
1952.0,2375,106213.565781
2160.0,2616,106342.964089
3540.0,3558,106521.923895
5154.0,4035,106730.504876
3840.0,3632,106917.613538
4284.0,3852,107118.182067
1188.0,1585,107198.293356
1536.0,1832,107292.52979
900.0,1306,107365.118411
2776.0,2756,107503.653777
2160.0,2654,107641.497437
1900.0,2344,107765.357872
1484.0,1738,107850.785834
2160.0,2691,107991.07604
2552.0,2985,108148.384392
756.0,1122,108201.392279
1380.0,1828,108305.965556
2108.0,2577,108441.899002
6028.0,4999,108707.219818
1380.0,1547,108788.59112
4320.0,3568,108987.490629
4770.0,3970,109205.706451
1044.0,1558,109294.852854
3870.0,3514,109488.84449
1536.0,2008,109598.998059
2496.0,3033,109761.295329
6100.0,4969,110043.943051
4092.0,4236,110271.517432
6640.0,4883,110533.282513
2160.0,2725,110684.502391
5118.0,4516,110933.004889
2552.0,2689,111075.829827
5184.0,4180,111301.824571
3420.0,3162,111474.42549
3140.0,3268,111664.725977
4350.0,3759,111888.820204
5472.0,4658,112165.116637
996.0,1424,112243.144573
4412.0,4416,112485.419427
3420.0,3374,112674.705217
2888.0,3129,112841.50519
2160.0,2469,112979.260761
1380.0,1805,113078.641301
2160.0,2227,113204.375499
5376.0,4134,113429.0987
4804.0,4562,113674.377553
2108.0,2498,113817.56252
5214.0,4199,114056.906643
1092.0,1287,114133.097711
5552.0,4656,114387.811882
2664.0,3051,114561.376048
1536.0,2330,114687.1157
2160.0,2795,114841.131854
4284.0,4476,115086.204461
1432.0,1774,115183.395067
5248.0,3986,115410.446755
5582.0,4846,115679.393066
5024.0,4042,115909.429082
4620.0,3901,116135.339296
1900.0,2443,116273.253921
1848.0,2051,116383.960517
900.0,1234,116453.203471
3060.0,3348,116635.065657
1900.0,2386,116761.150038
3000.0,3162,116935.550716
5088.0,4176,117163.021722
4796.0,4501,117408.390731
4478.0,3876,117616.119065
6734.0,4757,117873.457008
3720.0,3672,118081.832057
6860.0,4915,118365.023812
5118.0,4183,118606.319716
5472.0,4737,118872.225731
2108.0,2513,119010.178605
2160.0,2463,119143.807655
1900.0,1887,119247.614683
5024.0,4288,119478.829569
1536.0,2394,119613.239675
4796.0,4180,119845.231708
3420.0,3116,120016.714921
1380.0,2025,120129.102237
7272.0,4822,120388.770101
5152.0,4612,120650.563679
3084.0,2781,120802.009512
3060.0,3744,121009.596166
5922.0,4732,121277.311765
1744.0,2118,121390.835048
4512.0,4033,121633.07152
5676.0,5211,121919.936433
4796.0,4801,122178.59313
5250.0,4230,122411.502746
5860.0,4400,122653.898128
4384.0,3760,122865.133486
6588.0,5439,123160.678989
616.0,968,123215.973235
5246.0,4679,123470.749624
1744.0,2162,123589.524106
4350.0,3688,123794.969495
5664.0,3738,123998.703112
2160.0,2889,124154.480906
2056.0,2181,124274.613864
4414.0,3825,124484.3204
2272.0,2667,124631.855175
4962.0,3848,124857.159952
6606.0,4706,125117.710068
3570.0,3282,125301.748026
3840.0,3432,125491.456888
2664.0,3395,125689.102899
4220.0,4081,125916.271745
3420.0,3313,126110.057343
2664.0,3044,126281.337619
1848.0,1716,126373.999486
5340.0,4517,126641.178316
2552.0,2657,126790.006348
1092.0,1566,126875.193439
2440.0,2782,127031.3793
4926.0,4107,127261.126189
2160.0,2362,127389.232166
4668.0,4111,127616.899535
1952.0,2427,127749.811444
6636.0,5042,128037.699826
6142.0,4400,128291.222354
2160.0,2253,128418.309505
4476.0,4080,128648.666207
4740.0,3812,128864.812743
5726.0,4039,129087.110752
5608.0,4966,129379.480224
4092.0,4321,129628.423439
3360.0,3519,129822.304283
4320.0,3975,130039.280611
6232.0,4783,130306.214678
2160.0,2206,130431.964708
4092.0,4228,130684.077996
1848.0,2349,130813.267519
1380.0,1791,130918.555531
3140.0,2767,131075.513481
3720.0,3174,131254.155481
5200.0,4637,131523.786107
3900.0,3690,131727.104906
1380.0,1834,131825.95787
3420.0,2903,131993.368828
4350.0,3542,132195.150783
4320.0,3791,132402.705491
1692.0,2279,132534.402037
1744.0,2303,132661.161504
3750.0,3552,132852.153761
2552.0,2959,133020.687863
5248.0,4408,133270.567634
4896.0,4139,133496.226184
3964.0,3591,133693.94969
5796.0,4225,133927.203567
5666.0,4263,134166.089858
3600.0,3398,134354.689599
3930.0,3373,134543.815807
3028.0,2695,134695.193056
5410.0,3621,134891.733872
2160.0,2507,135033.238597
5748.0,4805,135293.240337
5744.0,4661,135551.888736
3000.0,3190,135728.119884
3660.0,3545,135919.361107
1284.0,1708,136023.846093
1952.0,2302,136154.446066
5608.0,4544,136406.898942
2944.0,3169,136582.292649
4444.0,3939,136805.659325
5446.0,4592,137061.043861
6062.0,4540,137307.345129
3028.0,3152,137487.053164
6002.0,4718,137754.66176
6304.0,4379,137998.247989
4732.0,4330,138258.003544
5190.0,3714,138476.276713
5340.0,4056,138709.326467
4704.0,4004,138948.729048
5568.0,3826,139153.007315
3420.0,2964,139314.32691
4348.0,3958,139540.951007
3480.0,3300,139725.021848
2160.0,2257,139853.971495
660.0,1162,139917.322115
3000.0,3099,140086.563926
3900.0,4023,140309.968941
5408.0,4817,140580.546938
3840.0,4022,140800.027271
1284.0,1797,140897.940951
4028.0,4057,141121.156764
3840.0,3205,141302.176284
4770.0,3316,141487.729957
2004.0,2319,141620.450467
6334.0,4690,141874.535579
1380.0,1811,141976.703877
2328.0,2591,142115.729078
5602.0,4031,142344.067843
7380.0,5238,142636.928273
2160.0,2110,142748.463071
5088.0,4350,142985.343297
1848.0,2043,143097.921642
5280.0,4335,143335.145372
5276.0,3977,143556.663444
2160.0,2571,143697.02403
2496.0,2607,143835.36032
2944.0,3065,144016.640486
996.0,1417,144094.472046
5152.0,4337,144330.67785
2832.0,2889,144484.863324
3420.0,3530,144693.046349
3120.0,3486,144886.855286
1380.0,1636,144984.707153
2160.0,2074,145103.957334
5336.0,5120,145384.870417
2056.0,2288,145515.487572
4350.0,3934,145730.25567
2552.0,3880,145943.664479
4320.0,3581,146139.01941
3480.0,3429,146328.349796
1536.0,2177,146451.958988
2972.0,2884,146612.978723
6470.0,4586,146866.660094
3780.0,3302,147052.288393
5376.0,4264,147283.170962
3900.0,3655,147488.299088
2056.0,2373,147615.585431
6834.0,5300,147911.674705
4512.0,3944,148124.808857
6690.0,5405,148424.167578
2972.0,2574,148572.579468
3120.0,3672,148774.582453
2440.0,2859,148936.660451
2004.0,2550,149094.456495
5538.0,4242,149342.982984
2160.0,2500,149498.905489
5632.0,4199,149742.262573
2720.0,2819,149909.613837
2160.0,2093,150026.360017
1332.0,1760,150119.995031
4576.0,3762,150349.077838
6780.0,4758,150617.865699
4734.0,4119,150848.214055
4230.0,3308,151031.58313
4860.0,4189,151274.544014
2160.0,2711,151425.763005
3360.0,3266,151605.485294
5446.0,4812,151874.395934
1380.0,1501,151951.462113
4740.0,3682,152170.768779
4860.0,4261,152407.869116
2832.0,3056,152578.759252
5280.0,4470,152823.717888
3900.0,3641,153031.225281
5268.0,4938,153315.555011
5200.0,4470,153559.484642
1744.0,2134,153673.301712
5952.0,4662,153936.160983
4796.0,4720,154190.780454
4768.0,4371,154431.354413
2384.0,2832,154596.002926
1380.0,1493,154673.152676
5088.0,4336,154910.517086
2160.0,2364,155036.220534
5820.0,4741,155291.78835
2720.0,2996,155463.962353
3084.0,2936,155622.808912
6028.0,5105,155901.269918
2608.0,3085,156069.339383
2860.0,2730,156221.169023
3028.0,3138,156389.669212
3960.0,3533,156583.945528
4828.0,4102,156814.539121
5184.0,3816,157015.431265
1796.0,1908,157121.607496
5154.0,4223,157349.833326
1952.0,2253,157473.715637
3120.0,3396,157656.228826
4770.0,3692,157862.518659
4476.0,3799,158077.81772
4860.0,4196,158300.318238
1796.0,2041,158409.941817
2160.0,2492,158547.20899
4798.0,3981,158764.139776
3000.0,3174,158934.257757
1236.0,1565,159027.73088
6792.0,5278,159320.558705
5336.0,4883,159593.24018
4440.0,3716,159806.636161
6792.0,4730,160067.339918
1536.0,2059,160180.34647
3000.0,3337,160363.243504
2160.0,2414,160490.643153
1796.0,2327,160623.030646
6474.0,4490,160870.251705
4606.0,4260,161107.002614
1744.0,2002,161211.792776
5730.0,3897,161429.426193
4732.0,4789,161699.29932
1848.0,2229,161828.860876
4640.0,3712,162034.167951
5666.0,4624,162287.996561
6024.0,5044,162569.235218
6962.0,4814,162839.354203
3000.0,2898,163005.161271
5084.0,4422,163239.505298
5312.0,4200,163495.577302
4832.0,4146,163724.825986
1380.0,1903,163824.222665
1432.0,2103,163943.520231
4768.0,4013,164160.837866
2108.0,2116,164271.694758
5086.0,3943,164492.698834
4992.0,3536,164700.175358
7732.0,5095,164985.590903
1380.0,1553,165080.220023
5218.0,3963,165293.171316
7650.0,4947,165578.630657
7722.0,5356,165873.343451
4512.0,3845,166097.86088
4384.0,3919,166316.016249
3000.0,3181,166496.213638
3000.0,2790,166649.280123
3420.0,3287,166825.913161
4448.0,3575,167022.678567
2160.0,2565,167170.18737
3308.0,3004,167339.465337
5218.0,3696,167541.08326
3960.0,2909,167694.097557
4542.0,3726,167900.468878
5284.0,3731,168105.705672
4898.0,3473,168296.172475
2160.0,2505,168434.535441
1640.0,1780,168536.561166
3000.0,3178,168713.313846
3660.0,3567,168906.840679
4320.0,3730,169136.993294
3570.0,3750,169353.489957
5346.0,4271,169591.820224
2552.0,2617,169736.850127
2216.0,2661,169884.532146
3084.0,2768,170043.809979
4220.0,3969,170260.177405
2056.0,2209,170380.739713
6384.0,5314,170671.686991
4320.0,3668,170877.461179
1236.0,1491,170955.583219
4540.0,4192,171184.862474
1952.0,2168,171304.73605
6508.0,5015,171589.77306
2160.0,2501,171732.057846
2860.0,2644,171870.687429
4650.0,3479,172058.479581
2664.0,2691,172221.667648
3000.0,3227,172395.2073
2440.0,2676,172541.505172
2160.0,2273,172672.017586
4960.0,4160,172898.076125
4798.0,3975,173113.160199
3360.0,3242,173293.653531
4350.0,3907,173505.127682
5632.0,4546,173765.688204
6058.0,4457,174016.012543
2160.0,2603,174165.273304
1380.0,1468,174242.951751
3000.0,2608,174383.458536
5540.0,3666,174587.896957
3308.0,3012,174749.702139
3000.0,3313,174930.409635
4448.0,4016,175152.059316
3840.0,3402,175340.391845
4320.0,3590,175544.169728
6852.0,5360,175852.588253
3420.0,3402,176039.265497
7374.0,5707,176355.318775
6422.0,4596,176605.746164
5666.0,4273,176845.755016
3420.0,3148,177020.080226
5608.0,4858,177284.577772
2664.0,3120,177464.095491
1692.0,1977,177570.920387
2972.0,2762,177733.301418
4768.0,4134,177960.181315
4412.0,3755,178193.170818
6002.0,4599,178462.934353
3300.0,3563,178667.680767
7434.0,5156,178943.950487
5310.0,4314,179185.574662
1380.0,1822,179284.683569
6478.0,4630,179538.206994
5854.0,4555,179786.394512
1380.0,1538,179870.101182
5376.0,4270,180107.317132
4896.0,4339,180346.888197
1952.0,2509,180478.827504
6210.0,4697,180741.624576
2384.0,2823,180896.243224
1092.0,1398,180974.212039
4732.0,4247,181211.273812
2860.0,2911,181369.103219
4350.0,4010,181591.939976
4320.0,3901,181804.605937
8052.0,5373,182097.719654
4320.0,3955,182317.729683
2496.0,2509,182458.305436
5798.0,4375,182692.481963
5718.0,4626,182949.729702
4500.0,3536,183153.085025
4412.0,4112,183382.386643
3540.0,3496,183584.318832
5280.0,4377,183850.5833
4410.0,3151,184042.152646
5310.0,4687,184334.371405
4348.0,4224,184593.694502
5790.0,4250,184834.088806
3084.0,2688,184997.527893
1484.0,1888,185097.743457
4028.0,3688,185300.171166
8432.0,6637,185665.022165
3420.0,3198,185838.259509
3964.0,4030,186059.957277
5446.0,4767,186319.468718
1536.0,1869,186424.893111
6432.0,5089,186714.741157
2004.0,2494,186848.201323
3840.0,3301,187032.248509
5280.0,4092,187255.880851
7314.0,5384,187557.89009
2552.0,2799,187705.706505
7140.0,5247,187991.528612
3900.0,3833,188198.53798
5880.0,4950,188475.953053
4476.0,4257,188708.428739
6028.0,4792,188972.658533
5446.0,4159,189204.514056
4640.0,4035,189425.438278
4220.0,3879,189641.777772
2160.0,2363,189768.517867
4284.0,4133,189994.782782
5824.0,4801,190263.014446
2832.0,3103,190431.101892
2160.0,2210,190550.760953
6224.0,4998,190824.819395
4320.0,3696,191032.303915
4892.0,3938,191251.60702
4832.0,3613,191451.694353
4384.0,4030,191669.599082
4260.0,3394,191858.482661
6210.0,4503,192103.727945
3300.0,3462,192291.783321
3900.0,3551,192478.101624
5798.0,4658,192737.661122
4572.0,3965,192953.175691
2160.0,2685,193101.051649
4140.0,3378,193283.653403
5248.0,4137,193512.617401
5922.0,4693,193772.831155
2608.0,2966,193938.817606
6928.0,4688,194195.572561
2860.0,2527,194352.214577
3300.0,3416,194537.762662
2664.0,3198,194710.947914
2720.0,2613,194853.506016
1848.0,2293,194979.381319
3000.0,2907,195131.696209
2160.0,2427,195272.843988
7164.0,5408,195579.473213
3000.0,3158,195748.847486
4412.0,4066,195980.529365
3840.0,2925,196140.826063
5120.0,4049,196363.320409
6924.0,5061,196647.441097
5816.0,4359,196891.57475
5412.0,4218,197126.142951
6444.0,5418,197421.643063
4476.0,4242,197655.849296
4740.0,3441,197863.631007
1588.0,2254,197984.494169
5988.0,4255,198214.177331
6024.0,5471,198520.63432
2776.0,3689,198736.900452
5756.0,4410,198994.764079
1380.0,1397,199073.002852
6032.0,4603,199325.416615
7386.0,5528,199631.062869
3812.0,2772,199784.24379
4768.0,4541,200029.627011
5120.0,4410,200278.138536
4350.0,3500,200473.822686
4604.0,4143,200705.806088
6414.0,5209,201016.30474
3420.0,3364,201211.726788
6528.0,5472,201535.126369
6248.0,4343,201790.581411
2328.0,2902,201958.213192
7866.0,5057,202253.943519
4668.0,3824,202471.152312
4926.0,4238,202716.135219
6588.0,4745,202990.084783
4734.0,3980,203229.198323
3420.0,2811,203393.93178
5310.0,4210,203648.25262
9216.0,6160,204011.905852
7488.0,5287,204322.747474
1332.0,1796,204421.19048
3392.0,3002,204600.446406
3420.0,3498,204807.256179
2160.0,2320,204940.675539
6772.0,5024,205226.721884
4440.0,3373,205431.431244
3196.0,2960,205605.137932
4734.0,4106,205851.095169
5084.0,3532,206057.262415
3900.0,3725,206278.477157
2552.0,2592,206439.061165
5574.0,4012,206670.402745
4170.0,2971,206843.588317
1380.0,1764,206951.764953
3964.0,3418,207147.111155
4156.0,3973,207385.38975
1380.0,1801,207491.270346
3480.0,3670,207708.92183
4734.0,4059,207958.345607
3540.0,3448,208157.937156
2160.0,2179,208286.689817
4476.0,4224,208537.349613
8926.0,5828,208889.47202
5474.0,4249,209135.441109
8932.0,5914,209484.111891
5084.0,4464,209746.077443
6240.0,5223,210058.903284
3000.0,3330,210261.461304
3660.0,3520,210465.798179
6096.0,5471,210787.195715
3660.0,3261,210980.70012
7576.0,6097,211343.745912
6580.0,4941,211623.802188
3120.0,3517,211834.716608
2860.0,2311,211974.812365
7446.0,4787,212258.249058
5152.0,4289,212509.827549
6780.0,4700,212787.028845
4414.0,3981,213018.464625
5828.0,4478,213284.500122
6224.0,5117,213589.430867
2608.0,2837,213756.735281
5054.0,3961,213989.071624
6090.0,4232,214240.269318
4350.0,3763,214459.747903
8808.0,5817,214814.960994
4290.0,3269,215007.907425
6682.0,5153,215315.493059
2608.0,2926,215472.819025
7574.0,4946,215742.689804
5026.0,3871,215945.472404
6804.0,5197,216232.903075
5484.0,4684,216487.676358
4170.0,3306,216671.094623
1092.0,1253,216733.161028
2160.0,2240,216854.43162
4512.0,3574,217041.303757
5278.0,3827,217257.396299
5790.0,4341,217486.335343
3240.0,3721,217686.576026
5220.0,3582,217878.307208
4290.0,3360,218053.881512
2608.0,2949,218209.198608
4770.0,3797,218420.827486
3364.0,3029,218589.293504
8430.0,5279,218868.659908
1380.0,1726,218958.871376
6266.0,4574,219206.763436
7392.0,5050,219504.573858
5188.0,3962,219721.123432
3180.0,3177,219898.211471
5960.0,4184,220134.048786
4740.0,3686,220335.848021
3420.0,3513,220529.448499
1380.0,1406,220605.552066
2160.0,2538,220736.946559
2056.0,2728,220894.968023
2916.0,3006,221063.926734
5472.0,4665,221325.571046
4542.0,4094,221551.641322
2160.0,2791,221716.09685
4740.0,4049,221948.174425
3728.0,3179,222117.04655
3360.0,3307,222294.226213
8052.0,5368,222586.799187
6780.0,4920,222850.141675
6070.0,4420,223091.961185
5552.0,4309,223326.084784
3300.0,3803,223527.620329
5382.0,3749,223723.501028
8370.0,5881,224044.752666
2108.0,2400,224179.066456
2944.0,2750,224321.012596
5382.0,3958,224539.843048
6750.0,4457,224777.075378
4140.0,3128,224940.647631
3140.0,2728,225088.627099
8382.0,5096,225357.369537
2108.0,2131,225474.626947
1588.0,1717,225562.170099
5744.0,4931,225831.956378
5246.0,4150,226059.171567
2160.0,2130,226172.854578
1380.0,1602,226255.357892
1952.0,2268,226378.669322
6456.0,5030,226651.893135
6712.0,4720,226915.126773
4990.0,4262,227150.611388
1484.0,2090,227265.113142
7964.0,4832,227530.797825
6928.0,4569,227780.183209
5696.0,3971,228009.423929
4512.0,3542,228199.7341
6292.0,4510,228447.069906
2160.0,2358,228581.602456
4350.0,3438,228772.035278
2108.0,2400,228900.389694
11000.0,7096,229293.036186
4896.0,4131,229519.715502
5992.0,4220,229751.682457
7290.0,4808,230013.172236
3300.0,3461,230205.199653
5408.0,4032,230430.880648
5376.0,4061,230650.249571
3240.0,3500,230846.771387
6002.0,4617,231108.963824
3840.0,3277,231287.978335
6254.0,4323,231532.270982
5826.0,3958,231761.903687
5220.0,3643,231981.917433
7776.0,5664,232315.976185
7950.0,5362,232630.575249
2056.0,2471,232772.350774
3240.0,3328,232965.821005
5866.0,4364,233218.431499
3240.0,3459,233421.728442
5246.0,4445,233686.661309
6096.0,4901,233957.597056
4734.0,4066,234186.920352
4350.0,3840,234402.660615
4680.0,3744,234614.894283
3540.0,3409,234823.310663
2160.0,2174,234940.208305
6588.0,5060,235224.329853
6406.0,4605,235475.570463
8172.0,5449,235769.235551
6406.0,4523,236035.271834
6464.0,3929,236246.515601
7020.0,5384,236536.878114
7710.0,5077,236818.032072
6270.0,4051,237048.519735
5246.0,3901,237290.685845
2972.0,2896,237461.535184
4798.0,4161,237682.395994
12072.0,8055,238133.125534
7110.0,4251,238361.21191
4890.0,3452,238547.273331
6470.0,4883,238814.307738
5220.0,3337,239003.258497
6656.0,4814,239276.234545
5220.0,3486,239465.706577
6954.0,5078,239750.306958
5828.0,4230,239983.785933
5118.0,4037,240210.375891
8256.0,5202,240491.509536
2160.0,2016,240605.972282
3364.0,3290,240789.597362
5798.0,4206,241018.88262
6310.0,3810,241227.900125
4348.0,3832,241443.065865
8840.0,6331,241805.960245
1380.0,1816,241911.565291
5956.0,3976,242131.478395
6342.0,4725,242403.936209
1692.0,1944,242515.955731
1380.0,1638,242604.163893
4894.0,3551,242799.938125
7184.0,4707,243056.803515
3750.0,3110,243225.986224
8002.0,4549,243482.065186
1188.0,1334,243560.700089
3240.0,3329,243743.684327
4770.0,3826,243956.251686
2608.0,2667,244097.364844
10810.0,7367,244510.101415
8734.0,5868,244838.557562
2160.0,2269,244968.679668
5830.0,3997,245184.528085
6394.0,4278,245419.752361
6316.0,4106,245656.052401
7056.0,4885,245920.066904
3000.0,3206,246103.490012
1236.0,1655,246194.725119
8724.0,5443,246494.644895
7500.0,5340,246788.080152
2056.0,2318,246917.543924
2328.0,2499,247054.45283
6792.0,5021,247331.267809
6274.0,4717,247590.820969
7386.0,4959,247873.419356
2056.0,2292,248001.191346
5280.0,4348,248236.653419
7404.0,4813,248496.095798
2160.0,2323,248626.042704
4768.0,4376,248868.525946
3780.0,3631,249071.418567
4704.0,3942,249283.677281
6456.0,5543,249589.92996
4320.0,3263,249774.67575
10194.0,6899,250156.106709
5348.0,4436,250406.277569
4560.0,3200,250581.203172
4140.0,3025,250741.535202
6218.0,4513,250992.53564
4350.0,3882,251210.718943
5730.0,4270,251444.320331
4320.0,3915,251663.18656
4350.0,3628,251868.630139
3420.0,3107,252038.983443
1796.0,2037,252161.424865
4962.0,3841,252372.772281
7500.0,4979,252652.831516
5638.0,4180,252885.16534
5730.0,4252,253129.291467
4476.0,4156,253374.381983
7762.0,4821,253633.484165
1900.0,2102,253753.390006
6070.0,4858,254023.023178
4080.0,3537,254216.104438
6384.0,4409,254458.860909
3300.0,3604,254659.87126
7878.0,5390,254954.067077
3750.0,3283,255140.36138
7746.0,4919,255432.833511
7326.0,5518,255734.842929
4770.0,4104,255961.159162
1900.0,2232,256080.920299
7956.0,5952,256410.711079
8154.0,4981,256689.738987
5860.0,3905,256908.562017
4770.0,3738,257112.778775
7668.0,5333,257401.871493
2108.0,2161,257521.370063
2160.0,2319,257647.492775
4962.0,3926,257871.779729
6920.0,4687,258137.940423
3300.0,3403,258324.375089
3000.0,2477,258458.255684
2160.0,2501,258596.462858
8166.0,5289,258882.801037
3690.0,3637,259079.064749
3720.0,3371,259265.570638
1952.0,1967,259370.664228
9696.0,6168,259706.876019
1044.0,1495,259790.587952
6440.0,4621,260046.279529
7050.0,5008,260320.655616
2916.0,2936,260478.93551
4260.0,3382,260667.71088
6274.0,4831,260944.717281
4476.0,4054,261171.312135
1380.0,1554,261254.977432
2888.0,3287,261441.621757
7008.0,5483,261744.071941
5060.0,3746,261947.378004
5476.0,3920,262165.622893
4860.0,4158,262390.774476
4380.0,3917,262608.112562
6086.0,4033,262823.996685
5154.0,4013,263047.747209
4894.0,3899,263261.118186
2580.0,2256,263379.94707
6346.0,4618,263628.944118
2916.0,2584,263768.499395
6342.0,4572,264024.447133
1952.0,2510,264163.714848
2160.0,2602,264305.735326
7182.0,5571,264611.390949
1744.0,1996,264723.078052
1284.0,1555,264807.389615
6894.0,4905,265073.760498
3252.0,3062,265239.723152
4110.0,3520,265437.136143
4734.0,4265,265678.997817
10220.0,6315,266026.301759
2160.0,2130,266146.702606
5508.0,4433,266383.342758
7608.0,5265,266671.862953
3840.0,3097,266837.198167
7140.0,5341,267130.743993
7880.0,5700,267448.955079
8926.0,5999,267781.390554
4898.0,3501,267996.476285
5602.0,3964,268207.401981
7184.0,4776,268479.851871
2160.0,2424,268612.453383
6618.0,5268,268899.798605
3448.0,2539,269034.054448
4804.0,3741,269244.466679
6180.0,3945,269454.211655
5216.0,4230,269692.843782
1380.0,1619,269785.47547
4350.0,3642,269984.731932
8244.0,5493,270291.599401
3392.0,3060,270465.576932
6550.0,4396,270702.997019
6568.0,4817,270987.466506
7794.0,5304,271280.700618
3900.0,3351,271462.508244
7542.0,5209,271753.650517
5318.0,3700,271958.791293
4898.0,4032,272174.746234
2832.0,2966,272337.517778
10290.0,6328,272699.211313
5676.0,4992,272976.330836
8300.0,5801,273301.790168
4932.0,3637,273497.260761
5276.0,4393,273740.912972
1332.0,1503,273819.919314
3660.0,3308,273999.125351
3420.0,2896,274159.6153
6100.0,4728,274421.694669
7224.0,5379,274740.707893
4080.0,3736,274952.081698
3084.0,3348,275133.862115
3964.0,3960,275351.364104
4576.0,4109,275577.635014
4476.0,3860,275789.270213
8358.0,5057,276064.912472
10730.0,7214,276461.344623
5316.0,3842,276672.517995
10048.0,6015,277001.025584
5924.0,3937,277226.25308
6720.0,4692,277492.762904
4834.0,3824,277710.86032
4834.0,4146,277954.596199
3840.0,2822,278108.413789
8918.0,5922,278431.338315
8356.0,5922,278752.96396
